기준_년분기_코드,행정동_코드,행정동_코드_명,서비스_업종_코드,서비스_업종_코드_명,점포_수,개업_점포_수,폐업_점포_수,프랜차이즈_점포_수
20241,11110515,청운효자동,CS100010,커피-음료,125,10,4,1
20241,11110530,사직동,CS100010,커피-음료,179,16,7,44
20241,11110540,삼청동,CS100010,커피-음료,89,3,4,11
20241,11110550,부암동,CS100010,커피-음료,43,2,1,4
20241,11110560,평창동,CS100010,커피-음료,24,2,0,4
20241,11110570,무악동,CS100010,커피-음료,6,0,0,6
20241,11110580,교남동,CS100010,커피-음료,13,0,1,13
20241,11110600,가회동,CS100010,커피-음료,78,4,4,8
20241,11110615,종로1·2·3·4가동,CS100010,커피-음료,390,11,14,94
20241,11110630,종로5·6가동,CS100010,커피-음료,79,1,2,24
20241,11110640,이화동,CS100010,커피-음료,85,6,3,29
20241,11110650,혜화동,CS100010,커피-음료,126,8,5,33
20241,11110670,창신1동,CS100010,커피-음료,22,1,1,7
20241,11110680,창신2동,CS100010,커피-음료,13,1,2,2
20241,11110690,창신3동,CS100010,커피-음료,6,0,0,1
20241,11110700,숭인1동,CS100010,커피-음료,4,2,1,7
20241,11110710,숭인2동,CS100010,커피-음료,17,1,2,14
20241,11140520,소공동,CS100010,커피-음료,124,5,2,60
20241,11140540,회현동,CS100010,커피-음료,104,7,2,30
20241,11140550,명동,CS100010,커피-음료,225,12,8,115
20241,11140570,필동,CS100010,커피-음료,80,4,4,32
20241,11140580,장충동,CS100010,커피-음료,26,1,2,7
20241,11140590,광희동,CS100010,커피-음료,117,6,5,29
20241,11140605,을지로동,CS100010,커피-음료,106,12,7,33
20241,11140615,신당동,CS100010,커피-음료,40,3,1,23
20241,11140625,다산동,CS100010,커피-음료,41,0,2,10
20241,11140635,약수동,CS100010,커피-음료,23,2,1,9
20241,11140645,청구동,CS100010,커피-음료,16,0,2,1
20241,11140650,신당5동,CS100010,커피-음료,16,1,3,5
20241,11140665,동화동,CS100010,커피-음료,22,0,0,3
20241,11140670,황학동,CS100010,커피-음료,25,2,1,10
20241,11140680,중림동,CS100010,커피-음료,35,3,1,14
20241,11170510,후암동,CS100010,커피-음료,62,7,3,5
20241,11170520,용산2가동,CS100010,커피-음료,67,1,1,10
20241,11170530,남영동,CS100010,커피-음료,70,3,4,19
20241,11170555,청파동,CS100010,커피-음료,75,6,9,22
20241,11170560,원효로1동,CS100010,커피-음료,49,0,3,9
20241,11170570,원효로2동,CS100010,커피-음료,18,5,3,7
20241,11170580,효창동,CS100010,커피-음료,17,0,2,1
20241,11170590,용문동,CS100010,커피-음료,15,1,1,4
20241,11170625,한강로동,CS100010,커피-음료,224,13,6,56
20241,11170630,이촌1동,CS100010,커피-음료,9,0,0,4
20241,11170640,이촌2동,CS100010,커피-음료,12,3,2,1
20241,11170650,이태원1동,CS100010,커피-음료,59,4,2,21
20241,11170660,이태원2동,CS100010,커피-음료,61,4,5,3
20241,11170685,한남동,CS100010,커피-음료,132,5,4,14
20241,11170690,서빙고동,CS100010,커피-음료,20,1,0,1
20241,11170700,보광동,CS100010,커피-음료,22,0,4,3
20241,11200520,왕십리2동,CS100010,커피-음료,22,0,1,3
20241,11200535,왕십리도선동,CS100010,커피-음료,45,3,1,28
20241,11200540,마장동,CS100010,커피-음료,24,2,0,5
20241,11200550,사근동,CS100010,커피-음료,68,6,3,27
20241,11200560,행당1동,CS100010,커피-음료,36,2,2,17
20241,11200570,행당2동,CS100010,커피-음료,11,0,1,5
20241,11200580,응봉동,CS100010,커피-음료,7,0,0,2
20241,11200590,금호1가동,CS100010,커피-음료,13,0,1,4
20241,11200615,금호2·3가동,CS100010,커피-음료,26,3,1,6
20241,11200620,금호4가동,CS100010,커피-음료,19,1,0,8
20241,11200645,옥수동,CS100010,커피-음료,19,0,4,6
20241,11200650,성수1가1동,CS100010,커피-음료,64,2,3,15
20241,11200660,성수1가2동,CS100010,커피-음료,199,10,5,27
20241,11200670,성수2가1동,CS100010,커피-음료,91,2,3,14
20241,11200690,성수2가3동,CS100010,커피-음료,160,15,13,38
20241,11200720,송정동,CS100010,커피-음료,21,1,1,2
20241,11200790,용답동,CS100010,커피-음료,29,1,2,11
20241,11215710,화양동,CS100010,커피-음료,156,7,6,46
20241,11215730,군자동,CS100010,커피-음료,62,3,4,25
20241,11215740,중곡1동,CS100010,커피-음료,45,5,4,3
20241,11215750,중곡2동,CS100010,커피-음료,41,4,4,10
20241,11215760,중곡3동,CS100010,커피-음료,38,5,6,11
20241,11215770,중곡4동,CS100010,커피-음료,42,1,2,10
20241,11215780,능동,CS100010,커피-음료,26,2,2,9
20241,11215810,광장동,CS100010,커피-음료,52,5,2,19
20241,11215820,자양1동,CS100010,커피-음료,43,5,2,10
20241,11215830,자양2동,CS100010,커피-음료,34,3,2,14
20241,11215840,자양3동,CS100010,커피-음료,45,1,1,13
20241,11215847,자양4동,CS100010,커피-음료,77,9,6,13
20241,11215850,구의1동,CS100010,커피-음료,54,5,10,14
20241,11215860,구의2동,CS100010,커피-음료,43,6,6,9
20241,11215870,구의3동,CS100010,커피-음료,53,2,4,32
20241,11230536,용신동,CS100010,커피-음료,97,14,4,36
20241,11230545,제기동,CS100010,커피-음료,77,7,4,7
20241,11230560,전농1동,CS100010,커피-음료,66,4,3,21
20241,11230570,전농2동,CS100010,커피-음료,18,0,4,9
20241,11230600,답십리1동,CS100010,커피-음료,31,1,3,15
20241,11230610,답십리2동,CS100010,커피-음료,23,0,0,11
20241,11230650,장안1동,CS100010,커피-음료,64,5,4,32
20241,11230660,장안2동,CS100010,커피-음료,54,2,2,24
20241,11230705,청량리동,CS100010,커피-음료,34,1,0,8
20241,11230710,회기동,CS100010,커피-음료,81,2,6,22
20241,11230720,휘경1동,CS100010,커피-음료,24,2,3,8
20241,11230730,휘경2동,CS100010,커피-음료,48,5,3,7
20241,11230740,이문1동,CS100010,커피-음료,54,3,1,20
20241,11230750,이문2동,CS100010,커피-음료,16,1,1,2
20241,11260520,면목2동,CS100010,커피-음료,35,2,6,6
20241,11260540,면목4동,CS100010,커피-음료,23,0,0,6
20241,11260550,면목5동,CS100010,커피-음료,14,1,1,4
20241,11260565,면목본동,CS100010,커피-음료,31,6,4,14
20241,11260570,면목7동,CS100010,커피-음료,31,2,0,9
20241,11260575,면목3·8동,CS100010,커피-음료,46,4,2,20
20241,11260580,상봉1동,CS100010,커피-음료,32,2,3,17
20241,11260590,상봉2동,CS100010,커피-음료,49,8,1,21
20241,11260600,중화1동,CS100010,커피-음료,21,2,1,3
20241,11260610,중화2동,CS100010,커피-음료,32,2,1,13
20241,11260620,묵1동,CS100010,커피-음료,38,4,4,14
20241,11260630,묵2동,CS100010,커피-음료,30,2,1,7
20241,11260655,망우본동,CS100010,커피-음료,62,9,2,23
20241,11260660,망우3동,CS100010,커피-음료,14,3,2,7
20241,11260680,신내1동,CS100010,커피-음료,39,5,4,25
20241,11260690,신내2동,CS100010,커피-음료,14,0,0,9
20241,11290525,성북동,CS100010,커피-음료,89,9,9,7
20241,11290555,삼선동,CS100010,커피-음료,74,4,4,14
20241,11290575,동선동,CS100010,커피-음료,121,12,9,33
20241,11290580,돈암1동,CS100010,커피-음료,6,1,0,3
20241,11290590,돈암2동,CS100010,커피-음료,12,3,2,4
20241,11290600,안암동,CS100010,커피-음료,93,10,6,42
20241,11290610,보문동,CS100010,커피-음료,33,5,4,4
20241,11290620,정릉1동,CS100010,커피-음료,16,0,0,4
20241,11290630,정릉2동,CS100010,커피-음료,23,2,1,9
20241,11290640,정릉3동,CS100010,커피-음료,21,1,0,4
20241,11290650,정릉4동,CS100010,커피-음료,26,1,0,3
20241,11290660,길음1동,CS100010,커피-음료,11,0,2,13
20241,11290685,길음2동,CS100010,커피-음료,34,3,2,13
20241,11290705,종암동,CS100010,커피-음료,49,3,2,14
20241,11290715,월곡1동,CS100010,커피-음료,25,2,2,13
20241,11290725,월곡2동,CS100010,커피-음료,41,4,2,14
20241,11290760,장위1동,CS100010,커피-음료,18,0,0,7
20241,11290770,장위2동,CS100010,커피-음료,18,0,1,4
20241,11290780,장위3동,CS100010,커피-음료,5,0,1,9
20241,11290810,석관동,CS100010,커피-음료,42,9,3,16
20241,11305534,삼양동,CS100010,커피-음료,16,0,0,6
20241,11305535,미아동,CS100010,커피-음료,37,2,4,10
20241,11305545,송중동,CS100010,커피-음료,53,3,6,15
20241,11305555,송천동,CS100010,커피-음료,44,6,3,9
20241,11305575,삼각산동,CS100010,커피-음료,19,1,0,13
20241,11305595,번1동,CS100010,커피-음료,43,5,6,13
20241,11305603,번2동,CS100010,커피-음료,15,1,2,3
20241,11305608,번3동,CS100010,커피-음료,15,0,0,4
20241,11305615,수유1동,CS100010,커피-음료,23,3,3,13
20241,11305625,수유2동,CS100010,커피-음료,25,1,2,4
20241,11305635,수유3동,CS100010,커피-음료,81,1,7,20
20241,11305645,우이동,CS100010,커피-음료,49,2,0,13
20241,11305660,인수동,CS100010,커피-음료,59,4,4,11
20241,11320511,창1동,CS100010,커피-음료,28,4,0,7
20241,11320512,창2동,CS100010,커피-음료,24,3,0,6
20241,11320513,창3동,CS100010,커피-음료,23,1,1,1
20241,11320514,창4동,CS100010,커피-음료,16,2,0,13
20241,11320515,창5동,CS100010,커피-음료,30,8,6,21
20241,11320521,도봉1동,CS100010,커피-음료,38,5,3,19
20241,11320522,도봉2동,CS100010,커피-음료,30,0,1,4
20241,11320660,쌍문1동,CS100010,커피-음료,29,0,3,4
20241,11320670,쌍문2동,CS100010,커피-음료,29,1,0,11
20241,11320680,쌍문3동,CS100010,커피-음료,19,1,0,8
20241,11320681,쌍문4동,CS100010,커피-음료,9,0,0,5
20241,11320690,방학1동,CS100010,커피-음료,47,2,2,22
20241,11320700,방학2동,CS100010,커피-음료,15,0,0,4
20241,11320710,방학3동,CS100010,커피-음료,17,0,2,5
20241,11350560,월계1동,CS100010,커피-음료,34,0,2,22
20241,11350570,월계2동,CS100010,커피-음료,19,1,0,9
20241,11350580,월계3동,CS100010,커피-음료,26,1,0,5
20241,11350595,공릉1동,CS100010,커피-음료,113,7,7,28
20241,11350600,공릉2동,CS100010,커피-음료,79,11,6,32
20241,11350611,하계1동,CS100010,커피-음료,28,3,0,12
20241,11350612,하계2동,CS100010,커피-음료,3,0,0,0
20241,11350619,중계본동,CS100010,커피-음료,27,3,4,11
20241,11350621,중계1동,CS100010,커피-음료,10,4,3,21
20241,11350624,중계4동,CS100010,커피-음료,24,5,2,12
20241,11350625,중계2·3동,CS100010,커피-음료,9,1,3,14
20241,11350630,상계1동,CS100010,커피-음료,45,2,4,20
20241,11350640,상계2동,CS100010,커피-음료,69,3,6,27
20241,11350665,상계3·4동,CS100010,커피-음료,24,2,0,6
20241,11350670,상계5동,CS100010,커피-음료,33,2,1,12
20241,11350695,상계6·7동,CS100010,커피-음료,29,1,1,17
20241,11350700,상계8동,CS100010,커피-음료,2,1,1,5
20241,11350710,상계9동,CS100010,커피-음료,5,0,0,1
20241,11350720,상계10동,CS100010,커피-음료,8,0,2,4
20241,11380510,녹번동,CS100010,커피-음료,59,6,4,16
20241,11380520,불광1동,CS100010,커피-음료,39,2,0,14
20241,11380530,불광2동,CS100010,커피-음료,23,1,0,5
20241,11380551,갈현1동,CS100010,커피-음료,36,5,8,17
20241,11380552,갈현2동,CS100010,커피-음료,53,2,5,8
20241,11380560,구산동,CS100010,커피-음료,33,2,0,10
20241,11380570,대조동,CS100010,커피-음료,61,3,7,24
20241,11380580,응암1동,CS100010,커피-음료,41,1,2,23
20241,11380590,응암2동,CS100010,커피-음료,19,1,2,6
20241,11380600,응암3동,CS100010,커피-음료,56,1,1,10
20241,11380625,역촌동,CS100010,커피-음료,75,6,13,16
20241,11380631,신사1동,CS100010,커피-음료,29,0,2,9
20241,11380632,신사2동,CS100010,커피-음료,24,2,1,3
20241,11380640,증산동,CS100010,커피-음료,18,2,1,3
20241,11380650,수색동,CS100010,커피-음료,8,0,3,5
20241,11380690,진관동,CS100010,커피-음료,78,5,4,23
20241,11410520,천연동,CS100010,커피-음료,22,2,1,2
20241,11410555,북아현동,CS100010,커피-음료,20,5,2,11
20241,11410565,충현동,CS100010,커피-음료,84,7,4,22
20241,11410585,신촌동,CS100010,커피-음료,217,16,13,85
20241,11410615,연희동,CS100010,커피-음료,146,6,9,13
20241,11410620,홍제1동,CS100010,커피-음료,23,3,3,8
20241,11410640,홍제3동,CS100010,커피-음료,27,1,2,7
20241,11410655,홍제2동,CS100010,커피-음료,10,3,0,8
20241,11410660,홍은1동,CS100010,커피-음료,22,0,0,7
20241,11410685,홍은2동,CS100010,커피-음료,31,7,8,13
20241,11410690,남가좌1동,CS100010,커피-음료,7,0,0,6
20241,11410700,남가좌2동,CS100010,커피-음료,56,2,1,21
20241,11410710,북가좌1동,CS100010,커피-음료,7,0,0,5
20241,11410720,북가좌2동,CS100010,커피-음료,35,2,7,10
20241,11440555,아현동,CS100010,커피-음료,39,3,0,19
20241,11440565,공덕동,CS100010,커피-음료,67,4,4,21
20241,11440585,도화동,CS100010,커피-음료,36,2,2,26
20241,11440590,용강동,CS100010,커피-음료,57,8,4,20
20241,11440600,대흥동,CS100010,커피-음료,77,6,4,21
20241,11440610,염리동,CS100010,커피-음료,40,4,0,14
20241,11440630,신수동,CS100010,커피-음료,46,2,4,5
20241,11440655,서강동,CS100010,커피-음료,132,6,6,19
20241,11440660,서교동,CS100010,커피-음료,660,37,29,100
20241,11440680,합정동,CS100010,커피-음료,156,7,8,27
20241,11440690,망원1동,CS100010,커피-음료,147,9,12,15
20241,11440700,망원2동,CS100010,커피-음료,76,3,8,10
20241,11440710,연남동,CS100010,커피-음료,327,11,10,13
20241,11440720,성산1동,CS100010,커피-음료,69,4,2,6
20241,11440730,성산2동,CS100010,커피-음료,50,3,1,15
20241,11440740,상암동,CS100010,커피-음료,144,13,10,61
20241,11470510,목1동,CS100010,커피-음료,68,2,6,48
20241,11470520,목2동,CS100010,커피-음료,33,3,6,11
20241,11470530,목3동,CS100010,커피-음료,31,3,4,10
20241,11470540,목4동,CS100010,커피-음료,35,3,6,12
20241,11470550,목5동,CS100010,커피-음료,22,0,0,15
20241,11470560,신월1동,CS100010,커피-음료,22,2,0,8
20241,11470570,신월2동,CS100010,커피-음료,19,1,0,1
20241,11470580,신월3동,CS100010,커피-음료,13,0,0,7
20241,11470590,신월4동,CS100010,커피-음료,19,3,1,3
20241,11470600,신월5동,CS100010,커피-음료,19,0,0,5
20241,11470610,신월6동,CS100010,커피-음료,18,2,1,4
20241,11470611,신월7동,CS100010,커피-음료,8,5,3,9
20241,11470620,신정1동,CS100010,커피-음료,31,0,0,14
20241,11470630,신정2동,CS100010,커피-음료,28,0,5,8
20241,11470640,신정3동,CS100010,커피-음료,29,0,1,16
20241,11470650,신정4동,CS100010,커피-음료,81,11,9,22
20241,11470670,신정6동,CS100010,커피-음료,16,0,0,10
20241,11470680,신정7동,CS100010,커피-음료,22,5,1,16
20241,11500510,염창동,CS100010,커피-음료,51,0,1,25
20241,11500520,등촌1동,CS100010,커피-음료,56,4,2,21
20241,11500530,등촌2동,CS100010,커피-음료,18,0,0,10
20241,11500535,등촌3동,CS100010,커피-음료,41,11,4,27
20241,11500540,화곡1동,CS100010,커피-음료,51,3,5,22
20241,11500550,화곡2동,CS100010,커피-음료,14,0,0,3
20241,11500560,화곡3동,CS100010,커피-음료,32,2,4,7
20241,11500570,화곡4동,CS100010,커피-음료,27,2,2,7
20241,11500590,화곡본동,CS100010,커피-음료,34,4,4,6
20241,11500591,화곡6동,CS100010,커피-음료,40,8,3,22
20241,11500593,화곡8동,CS100010,커피-음료,29,5,4,16
20241,11500603,가양1동,CS100010,커피-음료,198,21,21,91
20241,11500604,가양2동,CS100010,커피-음료,1,0,0,5
20241,11500605,가양3동,CS100010,커피-음료,6,0,0,3
20241,11500611,발산1동,CS100010,커피-음료,90,7,8,48
20241,11500615,우장산동,CS100010,커피-음료,38,5,2,19
20241,11500620,공항동,CS100010,커피-음료,47,9,4,16
20241,11500630,방화1동,CS100010,커피-음료,49,2,5,21
20241,11500640,방화2동,CS100010,커피-음료,53,4,1,17
20241,11500641,방화3동,CS100010,커피-음료,18,0,1,8
20241,11530510,신도림동,CS100010,커피-음료,60,7,3,24
20241,11530520,구로1동,CS100010,커피-음료,13,0,0,4
20241,11530530,구로2동,CS100010,커피-음료,51,3,3,17
20241,11530540,구로3동,CS100010,커피-음료,95,9,7,82
20241,11530550,구로4동,CS100010,커피-음료,22,8,6,14
20241,11530560,구로5동,CS100010,커피-음료,60,2,5,41
20241,11530595,가리봉동,CS100010,커피-음료,9,0,0,2
20241,11530720,고척1동,CS100010,커피-음료,37,10,8,19
20241,11530730,고척2동,CS100010,커피-음료,27,3,1,5
20241,11530740,개봉1동,CS100010,커피-음료,35,3,2,12
20241,11530750,개봉2동,CS100010,커피-음료,24,1,2,13
20241,11530760,개봉3동,CS100010,커피-음료,24,2,1,8
20241,11530770,오류1동,CS100010,커피-음료,19,2,1,8
20241,11530780,오류2동,CS100010,커피-음료,24,3,3,14
20241,11530790,수궁동,CS100010,커피-음료,13,0,1,12
20241,11530800,항동,CS100010,커피-음료,11,2,2,12
20241,11545510,가산동,CS100010,커피-음료,201,19,16,145
20241,11545610,독산1동,CS100010,커피-음료,58,3,6,31
20241,11545620,독산2동,CS100010,커피-음료,15,2,3,12
20241,11545630,독산3동,CS100010,커피-음료,33,6,5,9
20241,11545640,독산4동,CS100010,커피-음료,16,2,1,13
20241,11545670,시흥1동,CS100010,커피-음료,49,5,5,30
20241,11545680,시흥2동,CS100010,커피-음료,6,1,1,4
20241,11545690,시흥3동,CS100010,커피-음료,15,1,1,4
20241,11545700,시흥4동,CS100010,커피-음료,10,1,0,2
20241,11545710,시흥5동,CS100010,커피-음료,16,0,2,8
20241,11560515,영등포본동,CS100010,커피-음료,31,4,2,18
20241,11560535,영등포동,CS100010,커피-음료,85,5,5,60
20241,11560540,여의동,CS100010,커피-음료,272,18,10,148
20241,11560550,당산1동,CS100010,커피-음료,97,3,4,29
20241,11560560,당산2동,CS100010,커피-음료,72,5,7,30
20241,11560585,도림동,CS100010,커피-음료,29,2,4,2
20241,11560605,문래동,CS100010,커피-음료,105,4,5,30
20241,11560610,양평1동,CS100010,커피-음료,53,5,4,20
20241,11560620,양평2동,CS100010,커피-음료,65,10,6,31
20241,11560630,신길1동,CS100010,커피-음료,18,0,0,6
20241,11560650,신길3동,CS100010,커피-음료,13,6,3,9
20241,11560660,신길4동,CS100010,커피-음료,10,1,1,3
20241,11560670,신길5동,CS100010,커피-음료,12,0,2,3
20241,11560680,신길6동,CS100010,커피-음료,30,0,1,12
20241,11560690,신길7동,CS100010,커피-음료,13,0,1,8
20241,11560700,대림1동,CS100010,커피-음료,15,0,1,9
20241,11560710,대림2동,CS100010,커피-음료,17,3,1,11
20241,11560720,대림3동,CS100010,커피-음료,30,0,1,12
20241,11590510,노량진1동,CS100010,커피-음료,63,8,5,29
20241,11590520,노량진2동,CS100010,커피-음료,26,0,2,6
20241,11590530,상도1동,CS100010,커피-음료,63,4,3,22
20241,11590540,상도2동,CS100010,커피-음료,27,2,0,16
20241,11590550,상도3동,CS100010,커피-음료,30,1,2,10
20241,11590560,상도4동,CS100010,커피-음료,27,2,1,7
20241,11590605,흑석동,CS100010,커피-음료,59,2,4,20
20241,11590620,사당1동,CS100010,커피-음료,67,8,6,11
20241,11590630,사당2동,CS100010,커피-음료,31,3,2,21
20241,11590640,사당3동,CS100010,커피-음료,33,1,2,9
20241,11590650,사당4동,CS100010,커피-음료,16,2,0,9
20241,11590651,사당5동,CS100010,커피-음료,15,0,0,3
20241,11590660,대방동,CS100010,커피-음료,48,3,2,12
20241,11590670,신대방1동,CS100010,커피-음료,25,1,1,7
20241,11590680,신대방2동,CS100010,커피-음료,48,1,2,25
20241,11620525,보라매동,CS100010,커피-음료,41,5,6,11
20241,11620545,청림동,CS100010,커피-음료,13,0,0,5
20241,11620565,성현동,CS100010,커피-음료,29,1,1,0
20241,11620575,행운동,CS100010,커피-음료,46,2,4,10
20241,11620585,낙성대동,CS100010,커피-음료,77,2,5,18
20241,11620595,청룡동,CS100010,커피-음료,62,12,5,28
20241,11620605,은천동,CS100010,커피-음료,42,4,6,11
20241,11620615,중앙동,CS100010,커피-음료,32,4,4,12
20241,11620625,인헌동,CS100010,커피-음료,40,5,2,7
20241,11620630,남현동,CS100010,커피-음료,24,2,1,14
20241,11620645,서원동,CS100010,커피-음료,39,5,3,26
20241,11620655,신원동,CS100010,커피-음료,27,7,2,4
20241,11620665,서림동,CS100010,커피-음료,37,5,4,3
20241,11620685,신사동,CS100010,커피-음료,53,6,5,7
20241,11620695,신림동,CS100010,커피-음료,62,13,8,31
20241,11620715,난향동,CS100010,커피-음료,8,0,0,2
20241,11620725,조원동,CS100010,커피-음료,52,8,3,12
20241,11620735,대학동,CS100010,커피-음료,55,1,1,17
20241,11620745,삼성동,CS100010,커피-음료,7,0,0,1
20241,11620765,미성동,CS100010,커피-음료,32,2,1,10
20241,11620775,난곡동,CS100010,커피-음료,15,0,0,6
20241,11650510,서초1동,CS100010,커피-음료,98,18,7,42
20241,11650520,서초2동,CS100010,커피-음료,101,6,7,32
20241,11650530,서초3동,CS100010,커피-음료,177,12,8,53
20241,11650531,서초4동,CS100010,커피-음료,54,2,5,38
20241,11650540,잠원동,CS100010,커피-음료,53,4,3,16
20241,11650550,반포본동,CS100010,커피-음료,10,1,0,3
20241,11650560,반포1동,CS100010,커피-음료,68,6,0,18
20241,11650570,반포2동,CS100010,커피-음료,16,3,1,2
20241,11650580,반포3동,CS100010,커피-음료,12,2,0,8
20241,11650581,반포4동,CS100010,커피-음료,64,3,4,33
20241,11650590,방배본동,CS100010,커피-음료,52,2,1,10
20241,11650600,방배1동,CS100010,커피-음료,54,2,1,14
20241,11650610,방배2동,CS100010,커피-음료,68,4,5,12
20241,11650620,방배3동,CS100010,커피-음료,29,0,2,4
20241,11650621,방배4동,CS100010,커피-음료,68,2,1,11
20241,11650651,양재1동,CS100010,커피-음료,126,10,5,31
20241,11650652,양재2동,CS100010,커피-음료,137,5,5,30
20241,11650660,내곡동,CS100010,커피-음료,28,2,1,7
20241,11680510,신사동,CS100010,커피-음료,171,3,10,41
20241,11680521,논현1동,CS100010,커피-음료,160,8,5,45
20241,11680531,논현2동,CS100010,커피-음료,160,12,7,56
20241,11680545,압구정동,CS100010,커피-음료,158,13,6,43
20241,11680565,청담동,CS100010,커피-음료,116,5,2,23
20241,11680580,삼성1동,CS100010,커피-음료,110,1,2,46
20241,11680590,삼성2동,CS100010,커피-음료,112,6,2,29
20241,11680600,대치1동,CS100010,커피-음료,14,2,0,14
20241,11680610,대치2동,CS100010,커피-음료,87,3,3,32
20241,11680630,대치4동,CS100010,커피-음료,110,8,7,47
20241,11680640,역삼1동,CS100010,커피-음료,402,15,18,143
20241,11680650,역삼2동,CS100010,커피-음료,107,10,7,44
20241,11680655,도곡1동,CS100010,커피-음료,48,4,2,14
20241,11680656,도곡2동,CS100010,커피-음료,45,1,2,18
20241,11680660,개포1동,CS100010,커피-음료,3,0,0,0
20241,11680670,개포2동,CS100010,커피-음료,13,4,4,11
20241,11680690,개포4동,CS100010,커피-음료,42,3,3,8
20241,11680700,세곡동,CS100010,커피-음료,37,5,4,21
20241,11680720,일원본동,CS100010,커피-음료,12,2,3,1
20241,11680730,일원1동,CS100010,커피-음료,23,2,2,5
20241,11680740,일원2동,CS100010,커피-음료,10,0,0,5
20241,11680750,수서동,CS100010,커피-음료,20,0,2,20
20241,11710510,풍납1동,CS100010,커피-음료,12,0,1,2
20241,11710520,풍납2동,CS100010,커피-음료,25,1,2,5
20241,11710531,거여1동,CS100010,커피-음료,15,0,0,2
20241,11710532,거여2동,CS100010,커피-음료,8,3,2,12
20241,11710540,마천1동,CS100010,커피-음료,8,0,0,3
20241,11710550,마천2동,CS100010,커피-음료,24,3,2,3
20241,11710561,방이1동,CS100010,커피-음료,56,4,5,14
20241,11710562,방이2동,CS100010,커피-음료,58,7,8,29
20241,11710566,오륜동,CS100010,커피-음료,7,0,0,12
20241,11710570,오금동,CS100010,커피-음료,75,3,5,15
20241,11710580,송파1동,CS100010,커피-음료,151,9,8,22
20241,11710590,송파2동,CS100010,커피-음료,35,6,3,9
20241,11710600,석촌동,CS100010,커피-음료,99,4,4,25
20241,11710610,삼전동,CS100010,커피-음료,50,5,5,21
20241,11710620,가락본동,CS100010,커피-음료,70,9,11,29
20241,11710631,가락1동,CS100010,커피-음료,21,2,1,10
20241,11710632,가락2동,CS100010,커피-음료,46,3,7,12
20241,11710641,문정1동,CS100010,커피-음료,40,2,8,9
20241,11710642,문정2동,CS100010,커피-음료,178,15,10,72
20241,11710646,장지동,CS100010,커피-음료,45,0,1,7
20241,11710647,위례동,CS100010,커피-음료,25,3,4,17
20241,11710650,잠실본동,CS100010,커피-음료,78,11,8,35
20241,11710670,잠실2동,CS100010,커피-음료,31,3,3,12
20241,11710680,잠실3동,CS100010,커피-음료,33,3,3,32
20241,11710690,잠실4동,CS100010,커피-음료,9,0,0,5
20241,11710710,잠실6동,CS100010,커피-음료,85,4,8,42
20241,11710720,잠실7동,CS100010,커피-음료,4,0,0,1
20241,11740515,강일동,CS100010,커피-음료,13,4,3,16
20241,11740520,상일동,CS100010,커피-음료,35,7,6,15
20241,11740530,명일1동,CS100010,커피-음료,55,4,0,16
20241,11740540,명일2동,CS100010,커피-음료,27,4,3,14
20241,11740550,고덕1동,CS100010,커피-음료,16,0,0,6
20241,11740560,고덕2동,CS100010,커피-음료,35,6,0,15
20241,11740570,암사1동,CS100010,커피-음료,51,2,3,6
20241,11740580,암사2동,CS100010,커피-음료,27,1,3,5
20241,11740590,암사3동,CS100010,커피-음료,13,0,1,4
20241,11740600,천호1동,CS100010,커피-음료,33,7,3,12
20241,11740610,천호2동,CS100010,커피-음료,75,5,3,34
20241,11740620,천호3동,CS100010,커피-음료,37,5,3,17
20241,11740640,성내1동,CS100010,커피-음료,66,5,3,17
20241,11740650,성내2동,CS100010,커피-음료,62,8,6,10
20241,11740660,성내3동,CS100010,커피-음료,78,1,2,11
20241,11740685,길동,CS100010,커피-음료,65,3,10,30
20241,11740700,둔촌2동,CS100010,커피-음료,47,3,5,7
20242,11110515,청운효자동,CS100010,커피-음료,123,4,6,1
20242,11110530,사직동,CS100010,커피-음료,177,7,10,43
20242,11110540,삼청동,CS100010,커피-음료,89,3,3,11
20242,11110550,부암동,CS100010,커피-음료,42,1,2,4
20242,11110560,평창동,CS100010,커피-음료,25,2,1,4
20242,11110570,무악동,CS100010,커피-음료,6,0,0,6
20242,11110580,교남동,CS100010,커피-음료,13,0,0,13
20242,11110600,가회동,CS100010,커피-음료,82,5,1,8
20242,11110615,종로1·2·3·4가동,CS100010,커피-음료,386,17,19,96
20242,11110630,종로5·6가동,CS100010,커피-음료,80,6,5,24
20242,11110640,이화동,CS100010,커피-음료,82,2,3,31
20242,11110650,혜화동,CS100010,커피-음료,123,4,8,32
20242,11110670,창신1동,CS100010,커피-음료,22,1,1,7
20242,11110680,창신2동,CS100010,커피-음료,13,2,3,1
20242,11110690,창신3동,CS100010,커피-음료,6,0,0,1
20242,11110700,숭인1동,CS100010,커피-음료,4,1,2,6
20242,11110710,숭인2동,CS100010,커피-음료,16,1,2,14
20242,11140520,소공동,CS100010,커피-음료,120,2,7,59
20242,11140540,회현동,CS100010,커피-음료,108,8,3,31
20242,11140550,명동,CS100010,커피-음료,222,6,11,113
20242,11140570,필동,CS100010,커피-음료,81,5,3,33
20242,11140580,장충동,CS100010,커피-음료,26,1,1,7
20242,11140590,광희동,CS100010,커피-음료,122,5,2,27
20242,11140605,을지로동,CS100010,커피-음료,108,8,5,34
20242,11140615,신당동,CS100010,커피-음료,41,2,2,22
20242,11140625,다산동,CS100010,커피-음료,42,1,1,9
20242,11140635,약수동,CS100010,커피-음료,22,0,1,9
20242,11140645,청구동,CS100010,커피-음료,16,0,0,1
20242,11140650,신당5동,CS100010,커피-음료,14,0,2,5
20242,11140665,동화동,CS100010,커피-음료,22,2,1,4
20242,11140670,황학동,CS100010,커피-음료,26,3,2,10
20242,11140680,중림동,CS100010,커피-음료,34,2,4,13
20242,11170510,후암동,CS100010,커피-음료,63,4,2,6
20242,11170520,용산2가동,CS100010,커피-음료,69,6,5,9
20242,11170530,남영동,CS100010,커피-음료,70,4,3,20
20242,11170555,청파동,CS100010,커피-음료,77,4,2,22
20242,11170560,원효로1동,CS100010,커피-음료,52,4,0,10
20242,11170570,원효로2동,CS100010,커피-음료,18,0,0,7
20242,11170580,효창동,CS100010,커피-음료,17,1,0,2
20242,11170590,용문동,CS100010,커피-음료,16,2,1,4
20242,11170625,한강로동,CS100010,커피-음료,234,13,4,55
20242,11170630,이촌1동,CS100010,커피-음료,10,1,0,4
20242,11170640,이촌2동,CS100010,커피-음료,12,1,1,1
20242,11170650,이태원1동,CS100010,커피-음료,59,3,2,22
20242,11170660,이태원2동,CS100010,커피-음료,63,4,1,4
20242,11170685,한남동,CS100010,커피-음료,133,4,3,14
20242,11170690,서빙고동,CS100010,커피-음료,20,1,1,1
20242,11170700,보광동,CS100010,커피-음료,20,1,3,3
20242,11200520,왕십리2동,CS100010,커피-음료,22,0,0,3
20242,11200535,왕십리도선동,CS100010,커피-음료,46,6,5,28
20242,11200540,마장동,CS100010,커피-음료,24,0,0,5
20242,11200550,사근동,CS100010,커피-음료,62,1,8,26
20242,11200560,행당1동,CS100010,커피-음료,36,4,3,18
20242,11200570,행당2동,CS100010,커피-음료,11,0,0,5
20242,11200580,응봉동,CS100010,커피-음료,7,1,1,2
20242,11200590,금호1가동,CS100010,커피-음료,13,0,0,4
20242,11200615,금호2·3가동,CS100010,커피-음료,27,2,0,7
20242,11200620,금호4가동,CS100010,커피-음료,15,1,5,8
20242,11200645,옥수동,CS100010,커피-음료,21,2,0,6
20242,11200650,성수1가1동,CS100010,커피-음료,64,3,2,16
20242,11200660,성수1가2동,CS100010,커피-음료,194,8,14,26
20242,11200670,성수2가1동,CS100010,커피-음료,98,10,3,14
20242,11200690,성수2가3동,CS100010,커피-음료,167,9,3,37
20242,11200720,송정동,CS100010,커피-음료,22,2,1,2
20242,11200790,용답동,CS100010,커피-음료,28,2,3,11
20242,11215710,화양동,CS100010,커피-음료,153,7,8,48
20242,11215730,군자동,CS100010,커피-음료,61,3,4,25
20242,11215740,중곡1동,CS100010,커피-음료,45,1,2,2
20242,11215750,중곡2동,CS100010,커피-음료,42,2,0,11
20242,11215760,중곡3동,CS100010,커피-음료,35,2,5,11
20242,11215770,중곡4동,CS100010,커피-음료,41,4,4,11
20242,11215780,능동,CS100010,커피-음료,24,1,3,9
20242,11215810,광장동,CS100010,커피-음료,49,1,4,19
20242,11215820,자양1동,CS100010,커피-음료,44,4,2,11
20242,11215830,자양2동,CS100010,커피-음료,32,3,3,16
20242,11215840,자양3동,CS100010,커피-음료,46,3,1,14
20242,11215847,자양4동,CS100010,커피-음료,78,6,3,15
20242,11215850,구의1동,CS100010,커피-음료,55,3,2,14
20242,11215860,구의2동,CS100010,커피-음료,45,2,0,9
20242,11215870,구의3동,CS100010,커피-음료,52,3,3,33
20242,11230536,용신동,CS100010,커피-음료,94,5,7,37
20242,11230545,제기동,CS100010,커피-음료,76,5,4,9
20242,11230560,전농1동,CS100010,커피-음료,63,4,3,25
20242,11230570,전농2동,CS100010,커피-음료,18,1,1,9
20242,11230600,답십리1동,CS100010,커피-음료,34,6,2,16
20242,11230610,답십리2동,CS100010,커피-음료,23,0,0,11
20242,11230650,장안1동,CS100010,커피-음료,63,5,8,30
20242,11230660,장안2동,CS100010,커피-음료,50,1,5,24
20242,11230705,청량리동,CS100010,커피-음료,34,2,2,8
20242,11230710,회기동,CS100010,커피-음료,77,2,8,20
20242,11230720,휘경1동,CS100010,커피-음료,27,3,0,8
20242,11230730,휘경2동,CS100010,커피-음료,47,0,1,7
20242,11230740,이문1동,CS100010,커피-음료,54,2,2,20
20242,11230750,이문2동,CS100010,커피-음료,16,0,0,2
20242,11260520,면목2동,CS100010,커피-음료,37,6,5,5
20242,11260540,면목4동,CS100010,커피-음료,23,0,0,6
20242,11260550,면목5동,CS100010,커피-음료,14,0,0,4
20242,11260565,면목본동,CS100010,커피-음료,29,0,2,14
20242,11260570,면목7동,CS100010,커피-음료,29,1,2,10
20242,11260575,면목3·8동,CS100010,커피-음료,44,0,2,20
20242,11260580,상봉1동,CS100010,커피-음료,31,2,2,18
20242,11260590,상봉2동,CS100010,커피-음료,48,5,5,22
20242,11260600,중화1동,CS100010,커피-음료,18,1,4,3
20242,11260610,중화2동,CS100010,커피-음료,32,4,4,13
20242,11260620,묵1동,CS100010,커피-음료,39,3,3,13
20242,11260630,묵2동,CS100010,커피-음료,30,3,2,8
20242,11260655,망우본동,CS100010,커피-음료,63,6,6,22
20242,11260660,망우3동,CS100010,커피-음료,14,0,1,6
20242,11260680,신내1동,CS100010,커피-음료,39,2,3,24
20242,11260690,신내2동,CS100010,커피-음료,14,0,0,9
20242,11290525,성북동,CS100010,커피-음료,90,2,3,5
20242,11290555,삼선동,CS100010,커피-음료,73,3,4,14
20242,11290575,동선동,CS100010,커피-음료,120,4,5,33
20242,11290580,돈암1동,CS100010,커피-음료,5,0,1,3
20242,11290590,돈암2동,CS100010,커피-음료,12,2,2,4
20242,11290600,안암동,CS100010,커피-음료,91,6,10,40
20242,11290610,보문동,CS100010,커피-음료,33,4,3,5
20242,11290620,정릉1동,CS100010,커피-음료,17,1,0,4
20242,11290630,정릉2동,CS100010,커피-음료,22,0,2,8
20242,11290640,정릉3동,CS100010,커피-음료,21,2,2,4
20242,11290650,정릉4동,CS100010,커피-음료,26,0,0,3
20242,11290660,길음1동,CS100010,커피-음료,11,2,0,15
20242,11290685,길음2동,CS100010,커피-음료,34,2,4,11
20242,11290705,종암동,CS100010,커피-음료,49,2,2,14
20242,11290715,월곡1동,CS100010,커피-음료,25,1,0,14
20242,11290725,월곡2동,CS100010,커피-음료,41,1,2,13
20242,11290760,장위1동,CS100010,커피-음료,19,2,1,7
20242,11290770,장위2동,CS100010,커피-음료,18,1,1,4
20242,11290780,장위3동,CS100010,커피-음료,5,0,0,9
20242,11290810,석관동,CS100010,커피-음료,40,2,5,15
20242,11305534,삼양동,CS100010,커피-음료,15,1,2,6
20242,11305535,미아동,CS100010,커피-음료,38,2,1,10
20242,11305545,송중동,CS100010,커피-음료,51,4,5,16
20242,11305555,송천동,CS100010,커피-음료,43,1,2,9
20242,11305575,삼각산동,CS100010,커피-음료,19,0,0,13
20242,11305595,번1동,CS100010,커피-음료,40,1,4,13
20242,11305603,번2동,CS100010,커피-음료,15,0,0,3
20242,11305608,번3동,CS100010,커피-음료,15,2,0,6
20242,11305615,수유1동,CS100010,커피-음료,23,4,3,14
20242,11305625,수유2동,CS100010,커피-음료,24,3,4,4
20242,11305635,수유3동,CS100010,커피-음료,77,4,7,21
20242,11305645,우이동,CS100010,커피-음료,48,3,3,14
20242,11305660,인수동,CS100010,커피-음료,58,1,2,11
20242,11320511,창1동,CS100010,커피-음료,27,3,2,9
20242,11320512,창2동,CS100010,커피-음료,24,0,0,6
20242,11320513,창3동,CS100010,커피-음료,25,2,0,1
20242,11320514,창4동,CS100010,커피-음료,17,1,0,13
20242,11320515,창5동,CS100010,커피-음료,29,3,3,22
20242,11320521,도봉1동,CS100010,커피-음료,38,3,2,20
20242,11320522,도봉2동,CS100010,커피-음료,31,2,1,4
20242,11320660,쌍문1동,CS100010,커피-음료,30,3,0,6
20242,11320670,쌍문2동,CS100010,커피-음료,29,2,3,10
20242,11320680,쌍문3동,CS100010,커피-음료,17,2,3,9
20242,11320681,쌍문4동,CS100010,커피-음료,9,0,0,5
20242,11320690,방학1동,CS100010,커피-음료,46,3,3,23
20242,11320700,방학2동,CS100010,커피-음료,15,2,2,4
20242,11320710,방학3동,CS100010,커피-음료,19,3,1,5
20242,11350560,월계1동,CS100010,커피-음료,33,2,2,23
20242,11350570,월계2동,CS100010,커피-음료,18,0,3,7
20242,11350580,월계3동,CS100010,커피-음료,26,1,1,5
20242,11350595,공릉1동,CS100010,커피-음료,110,4,8,27
20242,11350600,공릉2동,CS100010,커피-음료,83,8,2,34
20242,11350611,하계1동,CS100010,커피-음료,27,1,2,12
20242,11350612,하계2동,CS100010,커피-음료,2,0,1,0
20242,11350619,중계본동,CS100010,커피-음료,25,0,3,10
20242,11350621,중계1동,CS100010,커피-음료,11,1,0,21
20242,11350624,중계4동,CS100010,커피-음료,25,3,1,13
20242,11350625,중계2·3동,CS100010,커피-음료,10,2,1,14
20242,11350630,상계1동,CS100010,커피-음료,44,1,1,21
20242,11350640,상계2동,CS100010,커피-음료,69,3,2,28
20242,11350665,상계3·4동,CS100010,커피-음료,23,2,1,8
20242,11350670,상계5동,CS100010,커피-음료,33,1,2,11
20242,11350695,상계6·7동,CS100010,커피-음료,30,1,0,17
20242,11350700,상계8동,CS100010,커피-음료,2,0,0,5
20242,11350710,상계9동,CS100010,커피-음료,4,0,1,1
20242,11350720,상계10동,CS100010,커피-음료,9,1,0,4
20242,11380510,녹번동,CS100010,커피-음료,55,2,9,13
20242,11380520,불광1동,CS100010,커피-음료,36,3,4,16
20242,11380530,불광2동,CS100010,커피-음료,23,1,1,5
20242,11380551,갈현1동,CS100010,커피-음료,38,8,6,17
20242,11380552,갈현2동,CS100010,커피-음료,52,1,2,8
20242,11380560,구산동,CS100010,커피-음료,33,1,2,9
20242,11380570,대조동,CS100010,커피-음료,61,5,4,25
20242,11380580,응암1동,CS100010,커피-음료,42,3,2,23
20242,11380590,응암2동,CS100010,커피-음료,15,0,4,6
20242,11380600,응암3동,CS100010,커피-음료,56,3,2,11
20242,11380625,역촌동,CS100010,커피-음료,75,2,5,13
20242,11380631,신사1동,CS100010,커피-음료,29,1,0,10
20242,11380632,신사2동,CS100010,커피-음료,23,0,1,3
20242,11380640,증산동,CS100010,커피-음료,18,0,0,3
20242,11380650,수색동,CS100010,커피-음료,9,2,0,6
20242,11380690,진관동,CS100010,커피-음료,78,5,5,23
20242,11410520,천연동,CS100010,커피-음료,21,2,1,4
20242,11410555,북아현동,CS100010,커피-음료,19,0,1,11
20242,11410565,충현동,CS100010,커피-음료,84,5,8,19
20242,11410585,신촌동,CS100010,커피-음료,213,10,13,86
20242,11410615,연희동,CS100010,커피-음료,149,9,7,12
20242,11410620,홍제1동,CS100010,커피-음료,24,1,0,8
20242,11410640,홍제3동,CS100010,커피-음료,29,4,3,6
20242,11410655,홍제2동,CS100010,커피-음료,11,1,1,7
20242,11410660,홍은1동,CS100010,커피-음료,23,1,0,7
20242,11410685,홍은2동,CS100010,커피-음료,30,0,1,13
20242,11410690,남가좌1동,CS100010,커피-음료,7,0,0,6
20242,11410700,남가좌2동,CS100010,커피-음료,55,2,4,20
20242,11410710,북가좌1동,CS100010,커피-음료,7,0,1,4
20242,11410720,북가좌2동,CS100010,커피-음료,33,2,3,11
20242,11440555,아현동,CS100010,커피-음료,39,4,4,19
20242,11440565,공덕동,CS100010,커피-음료,66,2,5,19
20242,11440585,도화동,CS100010,커피-음료,37,2,1,26
20242,11440590,용강동,CS100010,커피-음료,53,3,6,21
20242,11440600,대흥동,CS100010,커피-음료,75,5,6,22
20242,11440610,염리동,CS100010,커피-음료,41,4,2,15
20242,11440630,신수동,CS100010,커피-음료,47,4,3,5
20242,11440655,서강동,CS100010,커피-음료,129,8,10,20
20242,11440660,서교동,CS100010,커피-음료,663,33,28,102
20242,11440680,합정동,CS100010,커피-음료,153,4,6,28
20242,11440690,망원1동,CS100010,커피-음료,148,10,9,15
20242,11440700,망원2동,CS100010,커피-음료,74,4,6,10
20242,11440710,연남동,CS100010,커피-음료,321,14,19,14
20242,11440720,성산1동,CS100010,커피-음료,69,6,5,7
20242,11440730,성산2동,CS100010,커피-음료,50,2,3,14
20242,11440740,상암동,CS100010,커피-음료,141,8,8,64
20242,11470510,목1동,CS100010,커피-음료,68,4,4,48
20242,11470520,목2동,CS100010,커피-음료,35,2,0,11
20242,11470530,목3동,CS100010,커피-음료,31,1,1,10
20242,11470540,목4동,CS100010,커피-음료,34,2,4,11
20242,11470550,목5동,CS100010,커피-음료,23,1,0,15
20242,11470560,신월1동,CS100010,커피-음료,24,3,0,9
20242,11470570,신월2동,CS100010,커피-음료,18,2,2,2
20242,11470580,신월3동,CS100010,커피-음료,13,1,0,8
20242,11470590,신월4동,CS100010,커피-음료,18,2,2,4
20242,11470600,신월5동,CS100010,커피-음료,20,1,0,5
20242,11470610,신월6동,CS100010,커피-음료,15,0,3,4
20242,11470611,신월7동,CS100010,커피-음료,9,1,0,9
20242,11470620,신정1동,CS100010,커피-음료,32,2,3,12
20242,11470630,신정2동,CS100010,커피-음료,28,1,1,8
20242,11470640,신정3동,CS100010,커피-음료,26,2,4,17
20242,11470650,신정4동,CS100010,커피-음료,78,6,9,22
20242,11470670,신정6동,CS100010,커피-음료,16,0,0,10
20242,11470680,신정7동,CS100010,커피-음료,24,3,2,15
20242,11500510,염창동,CS100010,커피-음료,51,1,1,25
20242,11500520,등촌1동,CS100010,커피-음료,55,4,3,23
20242,11500530,등촌2동,CS100010,커피-음료,17,0,2,9
20242,11500535,등촌3동,CS100010,커피-음료,43,5,3,27
20242,11500540,화곡1동,CS100010,커피-음료,54,4,1,22
20242,11500550,화곡2동,CS100010,커피-음료,14,0,0,3
20242,11500560,화곡3동,CS100010,커피-음료,29,0,3,7
20242,11500570,화곡4동,CS100010,커피-음료,27,1,1,7
20242,11500590,화곡본동,CS100010,커피-음료,33,0,1,6
20242,11500591,화곡6동,CS100010,커피-음료,42,5,2,23
20242,11500593,화곡8동,CS100010,커피-음료,26,2,5,16
20242,11500603,가양1동,CS100010,커피-음료,199,27,20,97
20242,11500604,가양2동,CS100010,커피-음료,1,1,0,6
20242,11500605,가양3동,CS100010,커피-음료,6,0,0,3
20242,11500611,발산1동,CS100010,커피-음료,93,9,7,47
20242,11500615,우장산동,CS100010,커피-음료,38,5,4,20
20242,11500620,공항동,CS100010,커피-음료,51,5,2,15
20242,11500630,방화1동,CS100010,커피-음료,47,2,4,21
20242,11500640,방화2동,CS100010,커피-음료,51,1,3,17
20242,11500641,방화3동,CS100010,커피-음료,16,1,3,8
20242,11530510,신도림동,CS100010,커피-음료,58,0,2,24
20242,11530520,구로1동,CS100010,커피-음료,14,1,0,4
20242,11530530,구로2동,CS100010,커피-음료,47,4,6,19
20242,11530540,구로3동,CS100010,커피-음료,98,11,10,80
20242,11530550,구로4동,CS100010,커피-음료,23,3,1,15
20242,11530560,구로5동,CS100010,커피-음료,61,4,2,42
20242,11530595,가리봉동,CS100010,커피-음료,11,2,0,2
20242,11530720,고척1동,CS100010,커피-음료,36,2,2,20
20242,11530730,고척2동,CS100010,커피-음료,28,1,0,5
20242,11530740,개봉1동,CS100010,커피-음료,35,0,0,12
20242,11530750,개봉2동,CS100010,커피-음료,23,2,1,15
20242,11530760,개봉3동,CS100010,커피-음료,23,0,3,6
20242,11530770,오류1동,CS100010,커피-음료,19,0,0,8
20242,11530780,오류2동,CS100010,커피-음료,22,1,3,14
20242,11530790,수궁동,CS100010,커피-음료,13,0,0,12
20242,11530800,항동,CS100010,커피-음료,10,0,1,12
20242,11545510,가산동,CS100010,커피-음료,201,13,13,145
20242,11545610,독산1동,CS100010,커피-음료,56,4,6,31
20242,11545620,독산2동,CS100010,커피-음료,16,1,0,12
20242,11545630,독산3동,CS100010,커피-음료,32,4,6,8
20242,11545640,독산4동,CS100010,커피-음료,16,0,1,12
20242,11545670,시흥1동,CS100010,커피-음료,47,2,4,30
20242,11545680,시흥2동,CS100010,커피-음료,6,0,0,4
20242,11545690,시흥3동,CS100010,커피-음료,15,0,0,4
20242,11545700,시흥4동,CS100010,커피-음료,9,1,2,2
20242,11545710,시흥5동,CS100010,커피-음료,16,0,0,8
20242,11560515,영등포본동,CS100010,커피-음료,32,1,0,18
20242,11560535,영등포동,CS100010,커피-음료,82,5,6,62
20242,11560540,여의동,CS100010,커피-음료,269,10,15,146
20242,11560550,당산1동,CS100010,커피-음료,93,1,5,29
20242,11560560,당산2동,CS100010,커피-음료,69,4,7,30
20242,11560585,도림동,CS100010,커피-음료,28,1,1,3
20242,11560605,문래동,CS100010,커피-음료,109,10,5,31
20242,11560610,양평1동,CS100010,커피-음료,50,4,6,21
20242,11560620,양평2동,CS100010,커피-음료,62,2,4,32
20242,11560630,신길1동,CS100010,커피-음료,20,3,1,6
20242,11560650,신길3동,CS100010,커피-음료,13,0,0,9
20242,11560660,신길4동,CS100010,커피-음료,9,0,1,3
20242,11560670,신길5동,CS100010,커피-음료,12,0,0,3
20242,11560680,신길6동,CS100010,커피-음료,32,2,1,11
20242,11560690,신길7동,CS100010,커피-음료,12,0,1,8
20242,11560700,대림1동,CS100010,커피-음료,16,2,1,9
20242,11560710,대림2동,CS100010,커피-음료,18,3,2,11
20242,11560720,대림3동,CS100010,커피-음료,34,4,0,12
20242,11590510,노량진1동,CS100010,커피-음료,65,6,3,30
20242,11590520,노량진2동,CS100010,커피-음료,27,2,1,6
20242,11590530,상도1동,CS100010,커피-음료,63,3,3,22
20242,11590540,상도2동,CS100010,커피-음료,26,2,1,18
20242,11590550,상도3동,CS100010,커피-음료,30,1,1,10
20242,11590560,상도4동,CS100010,커피-음료,27,1,0,8
20242,11590605,흑석동,CS100010,커피-음료,57,0,2,20
20242,11590620,사당1동,CS100010,커피-음료,67,5,5,11
20242,11590630,사당2동,CS100010,커피-음료,31,6,6,21
20242,11590640,사당3동,CS100010,커피-음료,34,1,0,9
20242,11590650,사당4동,CS100010,커피-음료,15,3,5,8
20242,11590651,사당5동,CS100010,커피-음료,14,3,3,4
20242,11590660,대방동,CS100010,커피-음료,48,1,0,13
20242,11590670,신대방1동,CS100010,커피-음료,26,2,1,7
20242,11590680,신대방2동,CS100010,커피-음료,52,5,1,25
20242,11620525,보라매동,CS100010,커피-음료,40,4,6,10
20242,11620545,청림동,CS100010,커피-음료,15,3,1,5
20242,11620565,성현동,CS100010,커피-음료,31,2,0,0
20242,11620575,행운동,CS100010,커피-음료,48,2,0,10
20242,11620585,낙성대동,CS100010,커피-음료,76,4,5,18
20242,11620595,청룡동,CS100010,커피-음료,62,1,1,28
20242,11620605,은천동,CS100010,커피-음료,42,3,3,11
20242,11620615,중앙동,CS100010,커피-음료,32,4,5,11
20242,11620625,인헌동,CS100010,커피-음료,40,3,1,9
20242,11620630,남현동,CS100010,커피-음료,26,2,1,13
20242,11620645,서원동,CS100010,커피-음료,39,2,4,24
20242,11620655,신원동,CS100010,커피-음료,24,3,5,5
20242,11620665,서림동,CS100010,커피-음료,34,3,5,4
20242,11620685,신사동,CS100010,커피-음료,54,7,5,8
20242,11620695,신림동,CS100010,커피-음료,58,3,9,29
20242,11620715,난향동,CS100010,커피-음료,8,2,3,1
20242,11620725,조원동,CS100010,커피-음료,53,2,1,12
20242,11620735,대학동,CS100010,커피-음료,53,3,4,18
20242,11620745,삼성동,CS100010,커피-음료,7,1,1,1
20242,11620765,미성동,CS100010,커피-음료,33,4,1,12
20242,11620775,난곡동,CS100010,커피-음료,15,2,1,7
20242,11650510,서초1동,CS100010,커피-음료,102,8,5,41
20242,11650520,서초2동,CS100010,커피-음료,100,7,6,34
20242,11650530,서초3동,CS100010,커피-음료,170,9,12,57
20242,11650531,서초4동,CS100010,커피-음료,55,1,0,38
20242,11650540,잠원동,CS100010,커피-음료,52,1,3,15
20242,11650550,반포본동,CS100010,커피-음료,10,1,1,3
20242,11650560,반포1동,CS100010,커피-음료,70,6,3,19
20242,11650570,반포2동,CS100010,커피-음료,17,2,0,3
20242,11650580,반포3동,CS100010,커피-음료,9,0,3,8
20242,11650581,반포4동,CS100010,커피-음료,67,5,1,34
20242,11650590,방배본동,CS100010,커피-음료,51,1,2,10
20242,11650600,방배1동,CS100010,커피-음료,53,0,3,12
20242,11650610,방배2동,CS100010,커피-음료,67,2,3,12
20242,11650620,방배3동,CS100010,커피-음료,29,1,1,4
20242,11650621,방배4동,CS100010,커피-음료,67,4,6,10
20242,11650651,양재1동,CS100010,커피-음료,127,2,1,31
20242,11650652,양재2동,CS100010,커피-음료,139,4,3,29
20242,11650660,내곡동,CS100010,커피-음료,28,1,1,7
20242,11680510,신사동,CS100010,커피-음료,169,4,5,42
20242,11680521,논현1동,CS100010,커피-음료,159,10,10,46
20242,11680531,논현2동,CS100010,커피-음료,164,11,8,55
20242,11680545,압구정동,CS100010,커피-음료,159,6,4,44
20242,11680565,청담동,CS100010,커피-음료,115,5,5,24
20242,11680580,삼성1동,CS100010,커피-음료,114,5,1,46
20242,11680590,삼성2동,CS100010,커피-음료,113,5,3,30
20242,11680600,대치1동,CS100010,커피-음료,14,0,0,14
20242,11680610,대치2동,CS100010,커피-음료,88,5,4,32
20242,11680630,대치4동,CS100010,커피-음료,111,14,11,49
20242,11680640,역삼1동,CS100010,커피-음료,404,25,20,146
20242,11680650,역삼2동,CS100010,커피-음료,106,6,4,47
20242,11680655,도곡1동,CS100010,커피-음료,48,4,4,14
20242,11680656,도곡2동,CS100010,커피-음료,44,2,2,19
20242,11680660,개포1동,CS100010,커피-음료,3,0,0,0
20242,11680670,개포2동,CS100010,커피-음료,14,2,2,10
20242,11680690,개포4동,CS100010,커피-음료,42,2,1,9
20242,11680700,세곡동,CS100010,커피-음료,36,0,2,20
20242,11680720,일원본동,CS100010,커피-음료,11,1,2,1
20242,11680730,일원1동,CS100010,커피-음료,24,2,1,5
20242,11680740,일원2동,CS100010,커피-음료,10,1,0,6
20242,11680750,수서동,CS100010,커피-음료,20,0,0,20
20242,11710510,풍납1동,CS100010,커피-음료,12,1,1,2
20242,11710520,풍납2동,CS100010,커피-음료,28,4,0,6
20242,11710531,거여1동,CS100010,커피-음료,15,1,1,2
20242,11710532,거여2동,CS100010,커피-음료,7,1,2,12
20242,11710540,마천1동,CS100010,커피-음료,9,1,0,3
20242,11710550,마천2동,CS100010,커피-음료,23,1,2,3
20242,11710561,방이1동,CS100010,커피-음료,56,2,2,14
20242,11710562,방이2동,CS100010,커피-음료,59,8,4,32
20242,11710566,오륜동,CS100010,커피-음료,7,0,0,12
20242,11710570,오금동,CS100010,커피-음료,73,2,6,13
20242,11710580,송파1동,CS100010,커피-음료,151,7,10,19
20242,11710590,송파2동,CS100010,커피-음료,35,2,2,9
20242,11710600,석촌동,CS100010,커피-음료,96,5,10,23
20242,11710610,삼전동,CS100010,커피-음료,50,3,4,20
20242,11710620,가락본동,CS100010,커피-음료,65,2,6,30
20242,11710631,가락1동,CS100010,커피-음료,20,3,2,12
20242,11710632,가락2동,CS100010,커피-음료,46,3,3,12
20242,11710641,문정1동,CS100010,커피-음료,41,4,3,9
20242,11710642,문정2동,CS100010,커피-음료,179,11,9,73
20242,11710646,장지동,CS100010,커피-음료,44,2,3,7
20242,11710647,위례동,CS100010,커피-음료,25,2,2,17
20242,11710650,잠실본동,CS100010,커피-음료,73,2,7,35
20242,11710670,잠실2동,CS100010,커피-음료,30,0,1,12
20242,11710680,잠실3동,CS100010,커피-음료,33,0,1,31
20242,11710690,잠실4동,CS100010,커피-음료,8,0,1,5
20242,11710710,잠실6동,CS100010,커피-음료,84,3,3,43
20242,11710720,잠실7동,CS100010,커피-음료,4,0,0,1
20242,11740515,강일동,CS100010,커피-음료,13,0,1,15
20242,11740520,상일동,CS100010,커피-음료,36,1,1,14
20242,11740530,명일1동,CS100010,커피-음료,55,4,6,14
20242,11740540,명일2동,CS100010,커피-음료,27,3,1,16
20242,11740550,고덕1동,CS100010,커피-음료,18,2,0,6
20242,11740560,고덕2동,CS100010,커피-음료,35,2,3,14
20242,11740570,암사1동,CS100010,커피-음료,45,2,7,7
20242,11740580,암사2동,CS100010,커피-음료,27,0,0,5
20242,11740590,암사3동,CS100010,커피-음료,13,1,1,4
20242,11740600,천호1동,CS100010,커피-음료,34,3,2,12
20242,11740610,천호2동,CS100010,커피-음료,73,3,4,35
20242,11740620,천호3동,CS100010,커피-음료,35,1,4,16
20242,11740640,성내1동,CS100010,커피-음료,63,2,6,16
20242,11740650,성내2동,CS100010,커피-음료,63,7,6,10
20242,11740660,성내3동,CS100010,커피-음료,74,3,6,12
20242,11740685,길동,CS100010,커피-음료,61,6,8,32
20242,11740700,둔촌2동,CS100010,커피-음료,45,2,4,7
20243,11110515,청운효자동,CS100010,커피-음료,119,3,7,1
20243,11110530,사직동,CS100010,커피-음료,178,4,3,43
20243,11110540,삼청동,CS100010,커피-음료,90,3,2,11
20243,11110550,부암동,CS100010,커피-음료,41,1,2,4
20243,11110560,평창동,CS100010,커피-음료,25,2,2,4
20243,11110570,무악동,CS100010,커피-음료,5,1,2,6
20243,11110580,교남동,CS100010,커피-음료,13,1,0,14
20243,11110600,가회동,CS100010,커피-음료,81,1,2,8
20243,11110615,종로1·2·3·4가동,CS100010,커피-음료,385,20,17,100
20243,11110630,종로5·6가동,CS100010,커피-음료,80,5,2,27
20243,11110640,이화동,CS100010,커피-음료,84,4,1,32
20243,11110650,혜화동,CS100010,커피-음료,116,1,9,31
20243,11110670,창신1동,CS100010,커피-음료,23,2,1,7
20243,11110680,창신2동,CS100010,커피-음료,14,3,2,1
20243,11110690,창신3동,CS100010,커피-음료,6,0,0,1
20243,11110700,숭인1동,CS100010,커피-음료,3,0,2,5
20243,11110710,숭인2동,CS100010,커피-음료,15,0,3,12
20243,11140520,소공동,CS100010,커피-음료,120,10,7,62
20243,11140540,회현동,CS100010,커피-음료,105,6,5,35
20243,11140550,명동,CS100010,커피-음료,227,13,9,112
20243,11140570,필동,CS100010,커피-음료,77,1,6,32
20243,11140580,장충동,CS100010,커피-음료,24,0,2,7
20243,11140590,광희동,CS100010,커피-음료,122,8,3,32
20243,11140605,을지로동,CS100010,커피-음료,110,8,5,35
20243,11140615,신당동,CS100010,커피-음료,42,5,2,24
20243,11140625,다산동,CS100010,커피-음료,40,0,2,9
20243,11140635,약수동,CS100010,커피-음료,23,1,0,9
20243,11140645,청구동,CS100010,커피-음료,14,1,3,1
20243,11140650,신당5동,CS100010,커피-음료,14,1,1,5
20243,11140665,동화동,CS100010,커피-음료,20,1,3,4
20243,11140670,황학동,CS100010,커피-음료,28,3,1,10
20243,11140680,중림동,CS100010,커피-음료,32,2,4,13
20243,11170510,후암동,CS100010,커피-음료,63,2,2,6
20243,11170520,용산2가동,CS100010,커피-음료,70,1,0,9
20243,11170530,남영동,CS100010,커피-음료,68,4,5,21
20243,11170555,청파동,CS100010,커피-음료,80,5,3,21
20243,11170560,원효로1동,CS100010,커피-음료,53,1,0,10
20243,11170570,원효로2동,CS100010,커피-음료,16,0,2,7
20243,11170580,효창동,CS100010,커피-음료,19,3,1,2
20243,11170590,용문동,CS100010,커피-음료,16,1,2,3
20243,11170625,한강로동,CS100010,커피-음료,236,12,9,56
20243,11170630,이촌1동,CS100010,커피-음료,10,0,0,4
20243,11170640,이촌2동,CS100010,커피-음료,12,0,0,1
20243,11170650,이태원1동,CS100010,커피-음료,58,1,2,22
20243,11170660,이태원2동,CS100010,커피-음료,61,3,5,4
20243,11170685,한남동,CS100010,커피-음료,133,6,5,15
20243,11170690,서빙고동,CS100010,커피-음료,20,0,0,1
20243,11170700,보광동,CS100010,커피-음료,17,0,3,3
20243,11200520,왕십리2동,CS100010,커피-음료,22,1,1,3
20243,11200535,왕십리도선동,CS100010,커피-음료,46,5,5,28
20243,11200540,마장동,CS100010,커피-음료,22,1,3,5
20243,11200550,사근동,CS100010,커피-음료,62,2,2,26
20243,11200560,행당1동,CS100010,커피-음료,33,0,4,17
20243,11200570,행당2동,CS100010,커피-음료,11,0,2,3
20243,11200580,응봉동,CS100010,커피-음료,6,0,1,2
20243,11200590,금호1가동,CS100010,커피-음료,15,2,0,4
20243,11200615,금호2·3가동,CS100010,커피-음료,27,1,1,7
20243,11200620,금호4가동,CS100010,커피-음료,15,0,0,8
20243,11200645,옥수동,CS100010,커피-음료,22,3,1,7
20243,11200650,성수1가1동,CS100010,커피-음료,62,4,6,16
20243,11200660,성수1가2동,CS100010,커피-음료,198,10,6,26
20243,11200670,성수2가1동,CS100010,커피-음료,94,1,6,13
20243,11200690,성수2가3동,CS100010,커피-음료,168,10,9,37
20243,11200720,송정동,CS100010,커피-음료,22,2,2,2
20243,11200790,용답동,CS100010,커피-음료,27,4,5,11
20243,11215710,화양동,CS100010,커피-음료,151,6,8,48
20243,11215730,군자동,CS100010,커피-음료,60,3,2,27
20243,11215740,중곡1동,CS100010,커피-음료,45,1,1,2
20243,11215750,중곡2동,CS100010,커피-음료,41,2,1,13
20243,11215760,중곡3동,CS100010,커피-음료,36,3,1,12
20243,11215770,중곡4동,CS100010,커피-음료,37,1,6,10
20243,11215780,능동,CS100010,커피-음료,24,0,0,9
20243,11215810,광장동,CS100010,커피-음료,50,2,1,19
20243,11215820,자양1동,CS100010,커피-음료,43,2,5,9
20243,11215830,자양2동,CS100010,커피-음료,34,2,1,15
20243,11215840,자양3동,CS100010,커피-음료,42,2,4,16
20243,11215847,자양4동,CS100010,커피-음료,75,2,6,14
20243,11215850,구의1동,CS100010,커피-음료,54,5,6,14
20243,11215860,구의2동,CS100010,커피-음료,45,4,4,9
20243,11215870,구의3동,CS100010,커피-음료,51,0,3,31
20243,11230536,용신동,CS100010,커피-음료,91,8,10,38
20243,11230545,제기동,CS100010,커피-음료,74,4,5,10
20243,11230560,전농1동,CS100010,커피-음료,62,2,2,26
20243,11230570,전농2동,CS100010,커피-음료,18,0,0,9
20243,11230600,답십리1동,CS100010,커피-음료,36,4,2,16
20243,11230610,답십리2동,CS100010,커피-음료,21,1,3,11
20243,11230650,장안1동,CS100010,커피-음료,64,3,2,30
20243,11230660,장안2동,CS100010,커피-음료,51,3,2,24
20243,11230705,청량리동,CS100010,커피-음료,34,1,1,8
20243,11230710,회기동,CS100010,커피-음료,80,8,5,20
20243,11230720,휘경1동,CS100010,커피-음료,27,5,5,8
20243,11230730,휘경2동,CS100010,커피-음료,45,3,4,8
20243,11230740,이문1동,CS100010,커피-음료,52,3,5,20
20243,11230750,이문2동,CS100010,커피-음료,16,3,2,3
20243,11260520,면목2동,CS100010,커피-음료,33,2,5,6
20243,11260540,면목4동,CS100010,커피-음료,21,1,3,6
20243,11260550,면목5동,CS100010,커피-음료,15,1,0,4
20243,11260565,면목본동,CS100010,커피-음료,28,2,3,14
20243,11260570,면목7동,CS100010,커피-음료,28,1,2,10
20243,11260575,면목3·8동,CS100010,커피-음료,43,3,3,21
20243,11260580,상봉1동,CS100010,커피-음료,27,0,4,18
20243,11260590,상봉2동,CS100010,커피-음료,45,1,5,21
20243,11260600,중화1동,CS100010,커피-음료,16,1,3,3
20243,11260610,중화2동,CS100010,커피-음료,32,3,3,13
20243,11260620,묵1동,CS100010,커피-음료,36,3,5,14
20243,11260630,묵2동,CS100010,커피-음료,29,0,1,8
20243,11260655,망우본동,CS100010,커피-음료,62,4,4,23
20243,11260660,망우3동,CS100010,커피-음료,17,3,0,6
20243,11260680,신내1동,CS100010,커피-음료,40,2,0,25
20243,11260690,신내2동,CS100010,커피-음료,14,0,1,8
20243,11290525,성북동,CS100010,커피-음료,91,4,3,5
20243,11290555,삼선동,CS100010,커피-음료,74,4,3,14
20243,11290575,동선동,CS100010,커피-음료,120,4,4,33
20243,11290580,돈암1동,CS100010,커피-음료,5,0,0,3
20243,11290590,돈암2동,CS100010,커피-음료,11,0,2,3
20243,11290600,안암동,CS100010,커피-음료,90,5,5,41
20243,11290610,보문동,CS100010,커피-음료,31,0,2,5
20243,11290620,정릉1동,CS100010,커피-음료,16,1,1,5
20243,11290630,정릉2동,CS100010,커피-음료,22,0,0,8
20243,11290640,정릉3동,CS100010,커피-음료,23,4,2,4
20243,11290650,정릉4동,CS100010,커피-음료,26,1,1,3
20243,11290660,길음1동,CS100010,커피-음료,11,3,4,14
20243,11290685,길음2동,CS100010,커피-음료,33,3,5,10
20243,11290705,종암동,CS100010,커피-음료,48,3,3,15
20243,11290715,월곡1동,CS100010,커피-음료,23,2,4,14
20243,11290725,월곡2동,CS100010,커피-음료,39,3,5,13
20243,11290760,장위1동,CS100010,커피-음료,18,2,3,7
20243,11290770,장위2동,CS100010,커피-음료,17,1,1,5
20243,11290780,장위3동,CS100010,커피-음료,5,1,0,10
20243,11290810,석관동,CS100010,커피-음료,40,1,3,13
20243,11305534,삼양동,CS100010,커피-음료,14,0,1,6
20243,11305535,미아동,CS100010,커피-음료,39,1,0,10
20243,11305545,송중동,CS100010,커피-음료,48,0,3,16
20243,11305555,송천동,CS100010,커피-음료,41,0,2,9
20243,11305575,삼각산동,CS100010,커피-음료,19,0,0,13
20243,11305595,번1동,CS100010,커피-음료,37,1,4,13
20243,11305603,번2동,CS100010,커피-음료,15,0,0,3
20243,11305608,번3동,CS100010,커피-음료,16,1,2,4
20243,11305615,수유1동,CS100010,커피-음료,23,1,1,14
20243,11305625,수유2동,CS100010,커피-음료,25,4,2,5
20243,11305635,수유3동,CS100010,커피-음료,82,7,3,20
20243,11305645,우이동,CS100010,커피-음료,48,3,1,16
20243,11305660,인수동,CS100010,커피-음료,59,5,4,11
20243,11320511,창1동,CS100010,커피-음료,27,1,2,8
20243,11320512,창2동,CS100010,커피-음료,23,0,1,6
20243,11320513,창3동,CS100010,커피-음료,25,1,1,1
20243,11320514,창4동,CS100010,커피-음료,16,2,4,12
20243,11320515,창5동,CS100010,커피-음료,28,4,4,23
20243,11320521,도봉1동,CS100010,커피-음료,38,1,3,18
20243,11320522,도봉2동,CS100010,커피-음료,30,1,1,5
20243,11320660,쌍문1동,CS100010,커피-음료,28,0,2,6
20243,11320670,쌍문2동,CS100010,커피-음료,26,0,7,6
20243,11320680,쌍문3동,CS100010,커피-음료,17,2,1,10
20243,11320681,쌍문4동,CS100010,커피-음료,9,1,1,5
20243,11320690,방학1동,CS100010,커피-음료,43,1,4,23
20243,11320700,방학2동,CS100010,커피-음료,15,0,1,3
20243,11320710,방학3동,CS100010,커피-음료,19,0,0,5
20243,11350560,월계1동,CS100010,커피-음료,31,4,6,23
20243,11350570,월계2동,CS100010,커피-음료,18,1,1,7
20243,11350580,월계3동,CS100010,커피-음료,27,2,0,6
20243,11350595,공릉1동,CS100010,커피-음료,108,6,8,27
20243,11350600,공릉2동,CS100010,커피-음료,83,3,5,32
20243,11350611,하계1동,CS100010,커피-음료,27,0,1,11
20243,11350612,하계2동,CS100010,커피-음료,2,0,0,0
20243,11350619,중계본동,CS100010,커피-음료,25,2,2,10
20243,11350621,중계1동,CS100010,커피-음료,10,0,2,20
20243,11350624,중계4동,CS100010,커피-음료,25,1,1,13
20243,11350625,중계2·3동,CS100010,커피-음료,10,2,1,15
20243,11350630,상계1동,CS100010,커피-음료,43,6,5,23
20243,11350640,상계2동,CS100010,커피-음료,67,6,6,30
20243,11350665,상계3·4동,CS100010,커피-음료,23,1,1,8
20243,11350670,상계5동,CS100010,커피-음료,35,2,0,11
20243,11350695,상계6·7동,CS100010,커피-음료,28,3,4,18
20243,11350700,상계8동,CS100010,커피-음료,2,0,0,5
20243,11350710,상계9동,CS100010,커피-음료,4,1,0,2
20243,11350720,상계10동,CS100010,커피-음료,9,0,0,4
20243,11380510,녹번동,CS100010,커피-음료,55,3,3,13
20243,11380520,불광1동,CS100010,커피-음료,31,2,7,16
20243,11380530,불광2동,CS100010,커피-음료,23,2,1,6
20243,11380551,갈현1동,CS100010,커피-음료,36,4,6,17
20243,11380552,갈현2동,CS100010,커피-음료,52,3,3,8
20243,11380560,구산동,CS100010,커피-음료,29,0,4,9
20243,11380570,대조동,CS100010,커피-음료,57,1,5,25
20243,11380580,응암1동,CS100010,커피-음료,43,5,4,23
20243,11380590,응암2동,CS100010,커피-음료,15,0,0,6
20243,11380600,응암3동,CS100010,커피-음료,58,8,4,13
20243,11380625,역촌동,CS100010,커피-음료,75,7,6,14
20243,11380631,신사1동,CS100010,커피-음료,27,1,2,11
20243,11380632,신사2동,CS100010,커피-음료,21,1,3,3
20243,11380640,증산동,CS100010,커피-음료,17,1,1,4
20243,11380650,수색동,CS100010,커피-음료,12,3,0,6
20243,11380690,진관동,CS100010,커피-음료,78,4,2,25
20243,11410520,천연동,CS100010,커피-음료,22,2,1,4
20243,11410555,북아현동,CS100010,커피-음료,18,1,3,10
20243,11410565,충현동,CS100010,커피-음료,83,4,5,19
20243,11410585,신촌동,CS100010,커피-음료,211,8,10,86
20243,11410615,연희동,CS100010,커피-음료,156,11,3,13
20243,11410620,홍제1동,CS100010,커피-음료,23,1,2,8
20243,11410640,홍제3동,CS100010,커피-음료,31,5,1,8
20243,11410655,홍제2동,CS100010,커피-음료,11,0,0,7
20243,11410660,홍은1동,CS100010,커피-음료,23,1,1,7
20243,11410685,홍은2동,CS100010,커피-음료,30,1,1,13
20243,11410690,남가좌1동,CS100010,커피-음료,7,0,0,6
20243,11410700,남가좌2동,CS100010,커피-음료,58,4,1,20
20243,11410710,북가좌1동,CS100010,커피-음료,6,2,1,6
20243,11410720,북가좌2동,CS100010,커피-음료,30,0,3,11
20243,11440555,아현동,CS100010,커피-음료,39,5,3,21
20243,11440565,공덕동,CS100010,커피-음료,65,3,3,20
20243,11440585,도화동,CS100010,커피-음료,36,2,3,26
20243,11440590,용강동,CS100010,커피-음료,50,2,5,21
20243,11440600,대흥동,CS100010,커피-음료,78,9,6,22
20243,11440610,염리동,CS100010,커피-음료,41,2,3,14
20243,11440630,신수동,CS100010,커피-음료,46,3,3,6
20243,11440655,서강동,CS100010,커피-음료,120,6,14,21
20243,11440660,서교동,CS100010,커피-음료,661,32,32,104
20243,11440680,합정동,CS100010,커피-음료,154,9,6,30
20243,11440690,망원1동,CS100010,커피-음료,147,4,5,15
20243,11440700,망원2동,CS100010,커피-음료,71,1,5,9
20243,11440710,연남동,CS100010,커피-음료,306,15,30,14
20243,11440720,성산1동,CS100010,커피-음료,66,3,5,8
20243,11440730,성산2동,CS100010,커피-음료,48,1,4,13
20243,11440740,상암동,CS100010,커피-음료,143,9,8,63
20243,11470510,목1동,CS100010,커피-음료,65,6,9,48
20243,11470520,목2동,CS100010,커피-음료,33,0,2,11
20243,11470530,목3동,CS100010,커피-음료,30,0,1,10
20243,11470540,목4동,CS100010,커피-음료,33,0,1,11
20243,11470550,목5동,CS100010,커피-음료,22,2,2,16
20243,11470560,신월1동,CS100010,커피-음료,22,2,4,9
20243,11470570,신월2동,CS100010,커피-음료,18,2,2,2
20243,11470580,신월3동,CS100010,커피-음료,12,1,2,8
20243,11470590,신월4동,CS100010,커피-음료,19,2,1,4
20243,11470600,신월5동,CS100010,커피-음료,19,0,1,5
20243,11470610,신월6동,CS100010,커피-음료,15,0,0,4
20243,11470611,신월7동,CS100010,커피-음료,9,0,0,9
20243,11470620,신정1동,CS100010,커피-음료,33,2,2,11
20243,11470630,신정2동,CS100010,커피-음료,28,0,0,8
20243,11470640,신정3동,CS100010,커피-음료,26,1,1,17
20243,11470650,신정4동,CS100010,커피-음료,75,3,8,20
20243,11470670,신정6동,CS100010,커피-음료,16,0,0,10
20243,11470680,신정7동,CS100010,커피-음료,22,0,4,13
20243,11500510,염창동,CS100010,커피-음료,49,3,4,26
20243,11500520,등촌1동,CS100010,커피-음료,54,2,2,24
20243,11500530,등촌2동,CS100010,커피-음료,17,2,2,9
20243,11500535,등촌3동,CS100010,커피-음료,41,1,3,27
20243,11500540,화곡1동,CS100010,커피-음료,56,6,3,23
20243,11500550,화곡2동,CS100010,커피-음료,12,4,4,5
20243,11500560,화곡3동,CS100010,커피-음료,31,2,0,7
20243,11500570,화곡4동,CS100010,커피-음료,26,1,3,6
20243,11500590,화곡본동,CS100010,커피-음료,33,0,0,6
20243,11500591,화곡6동,CS100010,커피-음료,41,1,5,20
20243,11500593,화곡8동,CS100010,커피-음료,27,1,0,16
20243,11500603,가양1동,CS100010,커피-음료,204,19,20,91
20243,11500604,가양2동,CS100010,커피-음료,1,0,0,6
20243,11500605,가양3동,CS100010,커피-음료,6,0,0,3
20243,11500611,발산1동,CS100010,커피-음료,93,7,7,47
20243,11500615,우장산동,CS100010,커피-음료,38,3,4,19
20243,11500620,공항동,CS100010,커피-음료,46,2,6,16
20243,11500630,방화1동,CS100010,커피-음료,46,3,2,23
20243,11500640,방화2동,CS100010,커피-음료,51,0,1,16
20243,11500641,방화3동,CS100010,커피-음료,18,2,0,8
20243,11530510,신도림동,CS100010,커피-음료,57,1,3,23
20243,11530520,구로1동,CS100010,커피-음료,14,1,1,4
20243,11530530,구로2동,CS100010,커피-음료,47,1,3,17
20243,11530540,구로3동,CS100010,커피-음료,102,15,13,78
20243,11530550,구로4동,CS100010,커피-음료,23,1,2,14
20243,11530560,구로5동,CS100010,커피-음료,59,3,6,41
20243,11530595,가리봉동,CS100010,커피-음료,11,1,0,3
20243,11530720,고척1동,CS100010,커피-음료,35,1,2,20
20243,11530730,고척2동,CS100010,커피-음료,26,0,2,5
20243,11530740,개봉1동,CS100010,커피-음료,35,1,1,12
20243,11530750,개봉2동,CS100010,커피-음료,22,2,5,13
20243,11530760,개봉3동,CS100010,커피-음료,23,0,0,6
20243,11530770,오류1동,CS100010,커피-음료,18,0,1,8
20243,11530780,오류2동,CS100010,커피-음료,23,1,0,14
20243,11530790,수궁동,CS100010,커피-음료,11,1,4,11
20243,11530800,항동,CS100010,커피-음료,10,0,1,11
20243,11545510,가산동,CS100010,커피-음료,205,26,16,151
20243,11545610,독산1동,CS100010,커피-음료,56,4,3,32
20243,11545620,독산2동,CS100010,커피-음료,17,1,0,12
20243,11545630,독산3동,CS100010,커피-음료,30,1,4,7
20243,11545640,독산4동,CS100010,커피-음료,17,2,1,12
20243,11545670,시흥1동,CS100010,커피-음료,47,1,1,30
20243,11545680,시흥2동,CS100010,커피-음료,6,0,0,4
20243,11545690,시흥3동,CS100010,커피-음료,15,3,2,5
20243,11545700,시흥4동,CS100010,커피-음료,8,0,1,2
20243,11545710,시흥5동,CS100010,커피-음료,17,2,1,8
20243,11560515,영등포본동,CS100010,커피-음료,30,0,6,14
20243,11560535,영등포동,CS100010,커피-음료,82,6,5,63
20243,11560540,여의동,CS100010,커피-음료,279,15,6,145
20243,11560550,당산1동,CS100010,커피-음료,99,11,4,30
20243,11560560,당산2동,CS100010,커피-음료,68,6,6,31
20243,11560585,도림동,CS100010,커피-음료,26,1,3,3
20243,11560605,문래동,CS100010,커피-음료,113,10,7,30
20243,11560610,양평1동,CS100010,커피-음료,51,4,3,21
20243,11560620,양평2동,CS100010,커피-음료,65,4,0,33
20243,11560630,신길1동,CS100010,커피-음료,19,1,2,6
20243,11560650,신길3동,CS100010,커피-음료,14,1,0,9
20243,11560660,신길4동,CS100010,커피-음료,9,0,0,3
20243,11560670,신길5동,CS100010,커피-음료,11,0,1,3
20243,11560680,신길6동,CS100010,커피-음료,33,1,0,11
20243,11560690,신길7동,CS100010,커피-음료,11,1,2,8
20243,11560700,대림1동,CS100010,커피-음료,17,3,2,9
20243,11560710,대림2동,CS100010,커피-음료,21,3,0,11
20243,11560720,대림3동,CS100010,커피-음료,36,2,0,12
20243,11590510,노량진1동,CS100010,커피-음료,64,5,7,29
20243,11590520,노량진2동,CS100010,커피-음료,23,0,5,5
20243,11590530,상도1동,CS100010,커피-음료,63,2,2,22
20243,11590540,상도2동,CS100010,커피-음료,28,4,3,17
20243,11590550,상도3동,CS100010,커피-음료,29,3,4,10
20243,11590560,상도4동,CS100010,커피-음료,27,1,2,7
20243,11590605,흑석동,CS100010,커피-음료,55,0,2,20
20243,11590620,사당1동,CS100010,커피-음료,68,2,2,10
20243,11590630,사당2동,CS100010,커피-음료,31,2,2,21
20243,11590640,사당3동,CS100010,커피-음료,30,1,5,9
20243,11590650,사당4동,CS100010,커피-음료,15,0,0,8
20243,11590651,사당5동,CS100010,커피-음료,15,4,3,4
20243,11590660,대방동,CS100010,커피-음료,51,5,2,13
20243,11590670,신대방1동,CS100010,커피-음료,22,1,5,7
20243,11590680,신대방2동,CS100010,커피-음료,50,1,4,24
20243,11620525,보라매동,CS100010,커피-음료,41,2,1,10
20243,11620545,청림동,CS100010,커피-음료,14,0,1,5
20243,11620565,성현동,CS100010,커피-음료,29,0,2,0
20243,11620575,행운동,CS100010,커피-음료,46,4,7,9
20243,11620585,낙성대동,CS100010,커피-음료,76,3,6,15
20243,11620595,청룡동,CS100010,커피-음료,57,1,6,28
20243,11620605,은천동,CS100010,커피-음료,40,1,5,9
20243,11620615,중앙동,CS100010,커피-음료,32,2,1,12
20243,11620625,인헌동,CS100010,커피-음료,39,3,4,9
20243,11620630,남현동,CS100010,커피-음료,27,1,1,12
20243,11620645,서원동,CS100010,커피-음료,40,5,2,26
20243,11620655,신원동,CS100010,커피-음료,24,0,1,4
20243,11620665,서림동,CS100010,커피-음료,34,1,1,4
20243,11620685,신사동,CS100010,커피-음료,51,3,5,9
20243,11620695,신림동,CS100010,커피-음료,61,7,3,30
20243,11620715,난향동,CS100010,커피-음료,8,0,0,1
20243,11620725,조원동,CS100010,커피-음료,53,3,2,13
20243,11620735,대학동,CS100010,커피-음료,50,1,3,19
20243,11620745,삼성동,CS100010,커피-음료,8,1,0,1
20243,11620765,미성동,CS100010,커피-음료,31,1,2,13
20243,11620775,난곡동,CS100010,커피-음료,15,2,2,7
20243,11650510,서초1동,CS100010,커피-음료,95,3,10,41
20243,11650520,서초2동,CS100010,커피-음료,99,12,10,37
20243,11650530,서초3동,CS100010,커피-음료,169,7,7,58
20243,11650531,서초4동,CS100010,커피-음료,55,4,3,39
20243,11650540,잠원동,CS100010,커피-음료,51,2,2,16
20243,11650550,반포본동,CS100010,커피-음료,10,0,0,3
20243,11650560,반포1동,CS100010,커피-음료,71,2,2,18
20243,11650570,반포2동,CS100010,커피-음료,17,0,0,3
20243,11650580,반포3동,CS100010,커피-음료,9,0,0,8
20243,11650581,반포4동,CS100010,커피-음료,67,1,0,35
20243,11650590,방배본동,CS100010,커피-음료,53,2,0,10
20243,11650600,방배1동,CS100010,커피-음료,50,2,5,12
20243,11650610,방배2동,CS100010,커피-음료,65,0,2,12
20243,11650620,방배3동,CS100010,커피-음료,29,0,0,4
20243,11650621,방배4동,CS100010,커피-음료,64,3,6,10
20243,11650651,양재1동,CS100010,커피-음료,127,6,7,30
20243,11650652,양재2동,CS100010,커피-음료,135,6,9,30
20243,11650660,내곡동,CS100010,커피-음료,29,1,0,7
20243,11680510,신사동,CS100010,커피-음료,169,7,9,40
20243,11680521,논현1동,CS100010,커피-음료,158,12,12,47
20243,11680531,논현2동,CS100010,커피-음료,160,8,15,52
20243,11680545,압구정동,CS100010,커피-음료,163,10,7,43
20243,11680565,청담동,CS100010,커피-음료,112,3,5,25
20243,11680580,삼성1동,CS100010,커피-음료,110,2,5,47
20243,11680590,삼성2동,CS100010,커피-음료,115,6,5,29
20243,11680600,대치1동,CS100010,커피-음료,12,1,3,14
20243,11680610,대치2동,CS100010,커피-음료,88,4,5,31
20243,11680630,대치4동,CS100010,커피-음료,110,6,8,48
20243,11680640,역삼1동,CS100010,커피-음료,402,17,17,148
20243,11680650,역삼2동,CS100010,커피-음료,106,11,15,43
20243,11680655,도곡1동,CS100010,커피-음료,45,3,6,14
20243,11680656,도곡2동,CS100010,커피-음료,46,3,2,18
20243,11680660,개포1동,CS100010,커피-음료,3,0,0,0
20243,11680670,개포2동,CS100010,커피-음료,16,2,1,9
20243,11680690,개포4동,CS100010,커피-음료,39,3,4,11
20243,11680700,세곡동,CS100010,커피-음료,34,1,3,20
20243,11680720,일원본동,CS100010,커피-음료,11,0,0,1
20243,11680730,일원1동,CS100010,커피-음료,24,2,2,5
20243,11680740,일원2동,CS100010,커피-음료,10,0,1,5
20243,11680750,수서동,CS100010,커피-음료,20,2,4,18
20243,11710510,풍납1동,CS100010,커피-음료,12,0,1,1
20243,11710520,풍납2동,CS100010,커피-음료,27,0,1,6
20243,11710531,거여1동,CS100010,커피-음료,14,1,2,2
20243,11710532,거여2동,CS100010,커피-음료,7,1,2,11
20243,11710540,마천1동,CS100010,커피-음료,9,0,0,3
20243,11710550,마천2동,CS100010,커피-음료,23,2,1,4
20243,11710561,방이1동,CS100010,커피-음료,57,2,3,12
20243,11710562,방이2동,CS100010,커피-음료,58,4,7,30
20243,11710566,오륜동,CS100010,커피-음료,8,1,0,12
20243,11710570,오금동,CS100010,커피-음료,77,7,3,13
20243,11710580,송파1동,CS100010,커피-음료,149,5,7,19
20243,11710590,송파2동,CS100010,커피-음료,32,3,5,10
20243,11710600,석촌동,CS100010,커피-음료,95,7,6,25
20243,11710610,삼전동,CS100010,커피-음료,48,0,3,19
20243,11710620,가락본동,CS100010,커피-음료,63,4,5,31
20243,11710631,가락1동,CS100010,커피-음료,18,0,3,11
20243,11710632,가락2동,CS100010,커피-음료,48,4,3,11
20243,11710641,문정1동,CS100010,커피-음료,41,1,1,9
20243,11710642,문정2동,CS100010,커피-음료,174,12,18,72
20243,11710646,장지동,CS100010,커피-음료,45,1,1,6
20243,11710647,위례동,CS100010,커피-음료,26,2,0,18
20243,11710650,잠실본동,CS100010,커피-음료,70,2,5,35
20243,11710670,잠실2동,CS100010,커피-음료,29,1,2,12
20243,11710680,잠실3동,CS100010,커피-음료,34,1,0,31
20243,11710690,잠실4동,CS100010,커피-음료,7,1,1,6
20243,11710710,잠실6동,CS100010,커피-음료,81,2,6,42
20243,11710720,잠실7동,CS100010,커피-음료,4,0,0,1
20243,11740515,강일동,CS100010,커피-음료,15,5,1,17
20243,11740520,상일동,CS100010,커피-음료,34,2,4,14
20243,11740530,명일1동,CS100010,커피-음료,54,2,2,15
20243,11740540,명일2동,CS100010,커피-음료,24,1,6,14
20243,11740550,고덕1동,CS100010,커피-음료,18,1,3,4
20243,11740560,고덕2동,CS100010,커피-음료,35,3,1,16
20243,11740570,암사1동,CS100010,커피-음료,43,0,2,7
20243,11740580,암사2동,CS100010,커피-음료,24,0,3,5
20243,11740590,암사3동,CS100010,커피-음료,11,0,2,4
20243,11740600,천호1동,CS100010,커피-음료,33,1,2,12
20243,11740610,천호2동,CS100010,커피-음료,73,2,2,35
20243,11740620,천호3동,CS100010,커피-음료,36,2,1,16
20243,11740640,성내1동,CS100010,커피-음료,64,6,4,17
20243,11740650,성내2동,CS100010,커피-음료,63,5,2,13
20243,11740660,성내3동,CS100010,커피-음료,73,2,3,12
20243,11740685,길동,CS100010,커피-음료,58,7,10,32
20243,11740700,둔촌2동,CS100010,커피-음료,44,0,1,7
20244,11110515,청운효자동,CS100010,커피-음료,116,0,3,1
20244,11110530,사직동,CS100010,커피-음료,177,8,8,44
20244,11110540,삼청동,CS100010,커피-음료,91,3,1,12
20244,11110550,부암동,CS100010,커피-음료,39,0,1,4
20244,11110560,평창동,CS100010,커피-음료,23,1,2,5
20244,11110570,무악동,CS100010,커피-음료,5,0,0,6
20244,11110580,교남동,CS100010,커피-음료,13,0,0,14
20244,11110600,가회동,CS100010,커피-음료,81,3,3,8
20244,11110615,종로1·2·3·4가동,CS100010,커피-음료,379,11,18,99
20244,11110630,종로5·6가동,CS100010,커피-음료,82,4,2,27
20244,11110640,이화동,CS100010,커피-음료,84,2,2,32
20244,11110650,혜화동,CS100010,커피-음료,118,5,4,30
20244,11110670,창신1동,CS100010,커피-음료,23,0,0,7
20244,11110680,창신2동,CS100010,커피-음료,15,1,0,1
20244,11110690,창신3동,CS100010,커피-음료,6,0,0,1
20244,11110700,숭인1동,CS100010,커피-음료,3,0,0,5
20244,11110710,숭인2동,CS100010,커피-음료,15,1,1,12
20244,11140520,소공동,CS100010,커피-음료,120,6,8,60
20244,11140540,회현동,CS100010,커피-음료,106,6,4,36
20244,11140550,명동,CS100010,커피-음료,229,8,7,111
20244,11140570,필동,CS100010,커피-음료,77,4,4,32
20244,11140580,장충동,CS100010,커피-음료,24,0,0,7
20244,11140590,광희동,CS100010,커피-음료,122,5,6,31
20244,11140605,을지로동,CS100010,커피-음료,113,5,1,36
20244,11140615,신당동,CS100010,커피-음료,43,1,1,23
20244,11140625,다산동,CS100010,커피-음료,39,0,1,9
20244,11140635,약수동,CS100010,커피-음료,21,2,5,8
20244,11140645,청구동,CS100010,커피-음료,13,0,1,1
20244,11140650,신당5동,CS100010,커피-음료,14,0,0,5
20244,11140665,동화동,CS100010,커피-음료,20,1,0,5
20244,11140670,황학동,CS100010,커피-음료,27,2,2,11
20244,11140680,중림동,CS100010,커피-음료,32,2,1,14
20244,11170510,후암동,CS100010,커피-음료,59,0,4,6
20244,11170520,용산2가동,CS100010,커피-음료,76,6,0,9
20244,11170530,남영동,CS100010,커피-음료,70,3,0,22
20244,11170555,청파동,CS100010,커피-음료,80,3,5,19
20244,11170560,원효로1동,CS100010,커피-음료,53,2,2,10
20244,11170570,원효로2동,CS100010,커피-음료,16,2,1,8
20244,11170580,효창동,CS100010,커피-음료,18,2,2,3
20244,11170590,용문동,CS100010,커피-음료,16,0,0,3
20244,11170625,한강로동,CS100010,커피-음료,238,11,12,53
20244,11170630,이촌1동,CS100010,커피-음료,10,0,0,4
20244,11170640,이촌2동,CS100010,커피-음료,8,0,4,1
20244,11170650,이태원1동,CS100010,커피-음료,56,0,4,20
20244,11170660,이태원2동,CS100010,커피-음료,59,3,5,4
20244,11170685,한남동,CS100010,커피-음료,137,6,2,15
20244,11170690,서빙고동,CS100010,커피-음료,21,2,0,2
20244,11170700,보광동,CS100010,커피-음료,14,1,4,3
20244,11200520,왕십리2동,CS100010,커피-음료,20,0,2,3
20244,11200535,왕십리도선동,CS100010,커피-음료,46,2,4,26
20244,11200540,마장동,CS100010,커피-음료,22,1,1,5
20244,11200550,사근동,CS100010,커피-음료,59,0,4,25
20244,11200560,행당1동,CS100010,커피-음료,32,4,3,19
20244,11200570,행당2동,CS100010,커피-음료,11,0,0,3
20244,11200580,응봉동,CS100010,커피-음료,6,0,0,2
20244,11200590,금호1가동,CS100010,커피-음료,14,0,1,4
20244,11200615,금호2·3가동,CS100010,커피-음료,27,1,0,8
20244,11200620,금호4가동,CS100010,커피-음료,15,0,0,8
20244,11200645,옥수동,CS100010,커피-음료,22,0,0,7
20244,11200650,성수1가1동,CS100010,커피-음료,62,3,5,14
20244,11200660,성수1가2동,CS100010,커피-음료,197,8,10,25
20244,11200670,성수2가1동,CS100010,커피-음료,92,2,4,13
20244,11200690,성수2가3동,CS100010,커피-음료,169,8,8,37
20244,11200720,송정동,CS100010,커피-음료,25,4,1,2
20244,11200790,용답동,CS100010,커피-음료,27,2,1,12
20244,11215710,화양동,CS100010,커피-음료,148,6,9,47
20244,11215730,군자동,CS100010,커피-음료,59,4,6,26
20244,11215740,중곡1동,CS100010,커피-음료,46,1,0,2
20244,11215750,중곡2동,CS100010,커피-음료,39,2,3,14
20244,11215760,중곡3동,CS100010,커피-음료,32,2,5,13
20244,11215770,중곡4동,CS100010,커피-음료,35,3,4,11
20244,11215780,능동,CS100010,커피-음료,26,2,1,8
20244,11215810,광장동,CS100010,커피-음료,47,1,3,20
20244,11215820,자양1동,CS100010,커피-음료,43,1,0,10
20244,11215830,자양2동,CS100010,커피-음료,33,2,5,13
20244,11215840,자양3동,CS100010,커피-음료,41,4,2,19
20244,11215847,자양4동,CS100010,커피-음료,74,6,7,14
20244,11215850,구의1동,CS100010,커피-음료,50,1,6,13
20244,11215860,구의2동,CS100010,커피-음료,43,3,4,10
20244,11215870,구의3동,CS100010,커피-음료,51,0,0,31
20244,11230536,용신동,CS100010,커피-음료,90,3,3,39
20244,11230545,제기동,CS100010,커피-음료,75,4,3,10
20244,11230560,전농1동,CS100010,커피-음료,62,3,6,23
20244,11230570,전농2동,CS100010,커피-음료,18,0,1,8
20244,11230600,답십리1동,CS100010,커피-음료,35,0,2,15
20244,11230610,답십리2동,CS100010,커피-음료,18,0,5,9
20244,11230650,장안1동,CS100010,커피-음료,66,3,1,30
20244,11230660,장안2동,CS100010,커피-음료,51,6,3,27
20244,11230705,청량리동,CS100010,커피-음료,36,2,0,8
20244,11230710,회기동,CS100010,커피-음료,81,3,2,20
20244,11230720,휘경1동,CS100010,커피-음료,25,0,2,8
20244,11230730,휘경2동,CS100010,커피-음료,43,1,3,8
20244,11230740,이문1동,CS100010,커피-음료,52,1,1,20
20244,11230750,이문2동,CS100010,커피-음료,16,0,0,3
20244,11260520,면목2동,CS100010,커피-음료,35,2,0,6
20244,11260540,면목4동,CS100010,커피-음료,21,0,0,6
20244,11260550,면목5동,CS100010,커피-음료,17,2,0,4
20244,11260565,면목본동,CS100010,커피-음료,29,1,0,14
20244,11260570,면목7동,CS100010,커피-음료,27,1,2,10
20244,11260575,면목3·8동,CS100010,커피-음료,42,0,1,21
20244,11260580,상봉1동,CS100010,커피-음료,28,3,3,17
20244,11260590,상봉2동,CS100010,커피-음료,45,2,2,21
20244,11260600,중화1동,CS100010,커피-음료,16,1,1,3
20244,11260610,중화2동,CS100010,커피-음료,31,3,5,12
20244,11260620,묵1동,CS100010,커피-음료,34,1,3,14
20244,11260630,묵2동,CS100010,커피-음료,30,1,0,8
20244,11260655,망우본동,CS100010,커피-음료,62,3,3,24
20244,11260660,망우3동,CS100010,커피-음료,16,2,3,6
20244,11260680,신내1동,CS100010,커피-음료,39,0,1,25
20244,11260690,신내2동,CS100010,커피-음료,13,1,1,9
20244,11290525,성북동,CS100010,커피-음료,90,2,4,4
20244,11290555,삼선동,CS100010,커피-음료,73,1,2,14
20244,11290575,동선동,CS100010,커피-음료,119,7,10,31
20244,11290580,돈암1동,CS100010,커피-음료,5,0,0,3
20244,11290590,돈암2동,CS100010,커피-음료,11,0,0,3
20244,11290600,안암동,CS100010,커피-음료,92,5,3,41
20244,11290610,보문동,CS100010,커피-음료,32,4,3,5
20244,11290620,정릉1동,CS100010,커피-음료,16,0,0,5
20244,11290630,정릉2동,CS100010,커피-음료,21,2,2,9
20244,11290640,정릉3동,CS100010,커피-음료,24,1,0,4
20244,11290650,정릉4동,CS100010,커피-음료,26,0,0,3
20244,11290660,길음1동,CS100010,커피-음료,12,1,0,14
20244,11290685,길음2동,CS100010,커피-음료,36,3,0,10
20244,11290705,종암동,CS100010,커피-음료,46,2,5,14
20244,11290715,월곡1동,CS100010,커피-음료,22,3,3,15
20244,11290725,월곡2동,CS100010,커피-음료,38,1,2,13
20244,11290760,장위1동,CS100010,커피-음료,17,2,2,8
20244,11290770,장위2동,CS100010,커피-음료,16,0,1,5
20244,11290780,장위3동,CS100010,커피-음료,3,0,2,10
20244,11290810,석관동,CS100010,커피-음료,39,1,1,14
20244,11305534,삼양동,CS100010,커피-음료,15,3,1,7
20244,11305535,미아동,CS100010,커피-음료,37,2,4,10
20244,11305545,송중동,CS100010,커피-음료,44,2,4,18
20244,11305555,송천동,CS100010,커피-음료,41,0,0,9
20244,11305575,삼각산동,CS100010,커피-음료,18,2,4,12
20244,11305595,번1동,CS100010,커피-음료,39,6,3,14
20244,11305603,번2동,CS100010,커피-음료,16,1,0,3
20244,11305608,번3동,CS100010,커피-음료,14,1,2,4
20244,11305615,수유1동,CS100010,커피-음료,23,2,2,14
20244,11305625,수유2동,CS100010,커피-음료,22,1,4,5
20244,11305635,수유3동,CS100010,커피-음료,73,1,10,20
20244,11305645,우이동,CS100010,커피-음료,50,4,2,16
20244,11305660,인수동,CS100010,커피-음료,58,4,5,11
20244,11320511,창1동,CS100010,커피-음료,26,1,2,8
20244,11320512,창2동,CS100010,커피-음료,23,1,0,7
20244,11320513,창3동,CS100010,커피-음료,24,0,1,1
20244,11320514,창4동,CS100010,커피-음료,15,0,1,12
20244,11320515,창5동,CS100010,커피-음료,27,2,3,23
20244,11320521,도봉1동,CS100010,커피-음료,37,1,6,14
20244,11320522,도봉2동,CS100010,커피-음료,29,1,1,6
20244,11320660,쌍문1동,CS100010,커피-음료,26,0,2,6
20244,11320670,쌍문2동,CS100010,커피-음료,26,2,3,5
20244,11320680,쌍문3동,CS100010,커피-음료,16,0,1,10
20244,11320681,쌍문4동,CS100010,커피-음료,9,1,1,5
20244,11320690,방학1동,CS100010,커피-음료,41,2,7,20
20244,11320700,방학2동,CS100010,커피-음료,15,0,0,3
20244,11320710,방학3동,CS100010,커피-음료,20,1,0,5
20244,11350560,월계1동,CS100010,커피-음료,32,1,0,23
20244,11350570,월계2동,CS100010,커피-음료,16,0,2,7
20244,11350580,월계3동,CS100010,커피-음료,26,0,1,6
20244,11350595,공릉1동,CS100010,커피-음료,103,4,8,28
20244,11350600,공릉2동,CS100010,커피-음료,80,1,5,31
20244,11350611,하계1동,CS100010,커피-음료,27,0,0,11
20244,11350612,하계2동,CS100010,커피-음료,3,1,0,0
20244,11350619,중계본동,CS100010,커피-음료,25,0,0,10
20244,11350621,중계1동,CS100010,커피-음료,11,1,0,20
20244,11350624,중계4동,CS100010,커피-음료,24,0,1,12
20244,11350625,중계2·3동,CS100010,커피-음료,11,3,1,16
20244,11350630,상계1동,CS100010,커피-음료,42,0,3,21
20244,11350640,상계2동,CS100010,커피-음료,70,5,2,30
20244,11350665,상계3·4동,CS100010,커피-음료,23,1,0,9
20244,11350670,상계5동,CS100010,커피-음료,35,1,2,10
20244,11350695,상계6·7동,CS100010,커피-음료,28,1,2,17
20244,11350700,상계8동,CS100010,커피-음료,2,0,0,5
20244,11350710,상계9동,CS100010,커피-음료,4,1,0,3
20244,11350720,상계10동,CS100010,커피-음료,9,0,0,4
20244,11380510,녹번동,CS100010,커피-음료,55,1,1,13
20244,11380520,불광1동,CS100010,커피-음료,30,2,2,17
20244,11380530,불광2동,CS100010,커피-음료,21,0,2,6
20244,11380551,갈현1동,CS100010,커피-음료,34,0,2,17
20244,11380552,갈현2동,CS100010,커피-음료,47,1,6,8
20244,11380560,구산동,CS100010,커피-음료,26,0,3,9
20244,11380570,대조동,CS100010,커피-음료,55,4,8,23
20244,11380580,응암1동,CS100010,커피-음료,42,1,3,22
20244,11380590,응암2동,CS100010,커피-음료,15,0,0,6
20244,11380600,응암3동,CS100010,커피-음료,54,3,7,13
20244,11380625,역촌동,CS100010,커피-음료,70,2,7,14
20244,11380631,신사1동,CS100010,커피-음료,27,1,0,12
20244,11380632,신사2동,CS100010,커피-음료,21,0,0,3
20244,11380640,증산동,CS100010,커피-음료,17,0,0,4
20244,11380650,수색동,CS100010,커피-음료,12,0,2,4
20244,11380690,진관동,CS100010,커피-음료,79,2,2,24
20244,11410520,천연동,CS100010,커피-음료,22,0,0,4
20244,11410555,북아현동,CS100010,커피-음료,16,0,2,10
20244,11410565,충현동,CS100010,커피-음료,82,6,6,20
20244,11410585,신촌동,CS100010,커피-음료,209,7,12,83
20244,11410615,연희동,CS100010,커피-음료,156,5,5,13
20244,11410620,홍제1동,CS100010,커피-음료,25,4,3,7
20244,11410640,홍제3동,CS100010,커피-음료,31,0,1,7
20244,11410655,홍제2동,CS100010,커피-음료,10,2,4,6
20244,11410660,홍은1동,CS100010,커피-음료,22,0,1,7
20244,11410685,홍은2동,CS100010,커피-음료,31,2,1,13
20244,11410690,남가좌1동,CS100010,커피-음료,7,2,0,8
20244,11410700,남가좌2동,CS100010,커피-음료,54,1,4,21
20244,11410710,북가좌1동,CS100010,커피-음료,5,0,2,5
20244,11410720,북가좌2동,CS100010,커피-음료,30,1,1,11
20244,11440555,아현동,CS100010,커피-음료,41,4,2,21
20244,11440565,공덕동,CS100010,커피-음료,65,7,9,18
20244,11440585,도화동,CS100010,커피-음료,37,3,1,27
20244,11440590,용강동,CS100010,커피-음료,50,3,2,22
20244,11440600,대흥동,CS100010,커피-음료,76,5,7,22
20244,11440610,염리동,CS100010,커피-음료,40,1,1,15
20244,11440630,신수동,CS100010,커피-음료,45,1,2,6
20244,11440655,서강동,CS100010,커피-음료,117,7,10,21
20244,11440660,서교동,CS100010,커피-음료,655,24,33,101
20244,11440680,합정동,CS100010,커피-음료,150,6,10,30
20244,11440690,망원1동,CS100010,커피-음료,145,5,7,15
20244,11440700,망원2동,CS100010,커피-음료,68,3,7,8
20244,11440710,연남동,CS100010,커피-음료,304,14,18,13
20244,11440720,성산1동,CS100010,커피-음료,65,7,7,9
20244,11440730,성산2동,CS100010,커피-음료,48,1,2,12
20244,11440740,상암동,CS100010,커피-음료,140,3,6,63
20244,11470510,목1동,CS100010,커피-음료,66,3,2,48
20244,11470520,목2동,CS100010,커피-음료,32,1,3,11
20244,11470530,목3동,CS100010,커피-음료,31,1,1,9
20244,11470540,목4동,CS100010,커피-음료,34,2,1,11
20244,11470550,목5동,CS100010,커피-음료,21,1,2,16
20244,11470560,신월1동,CS100010,커피-음료,22,1,2,8
20244,11470570,신월2동,CS100010,커피-음료,17,0,1,2
20244,11470580,신월3동,CS100010,커피-음료,12,0,0,8
20244,11470590,신월4동,CS100010,커피-음료,19,0,0,4
20244,11470600,신월5동,CS100010,커피-음료,17,2,3,6
20244,11470610,신월6동,CS100010,커피-음료,15,1,0,5
20244,11470611,신월7동,CS100010,커피-음료,9,1,1,9
20244,11470620,신정1동,CS100010,커피-음료,30,1,6,9
20244,11470630,신정2동,CS100010,커피-음료,29,2,0,9
20244,11470640,신정3동,CS100010,커피-음료,25,1,2,17
20244,11470650,신정4동,CS100010,커피-음료,73,3,5,20
20244,11470670,신정6동,CS100010,커피-음료,16,0,0,10
20244,11470680,신정7동,CS100010,커피-음료,22,0,2,11
20244,11500510,염창동,CS100010,커피-음료,50,3,2,26
20244,11500520,등촌1동,CS100010,커피-음료,54,5,5,24
20244,11500530,등촌2동,CS100010,커피-음료,17,0,0,9
20244,11500535,등촌3동,CS100010,커피-음료,40,0,0,27
20244,11500540,화곡1동,CS100010,커피-음료,59,4,3,21
20244,11500550,화곡2동,CS100010,커피-음료,13,1,2,3
20244,11500560,화곡3동,CS100010,커피-음료,29,0,2,7
20244,11500570,화곡4동,CS100010,커피-음료,27,1,0,6
20244,11500590,화곡본동,CS100010,커피-음료,32,2,3,6
20244,11500591,화곡6동,CS100010,커피-음료,43,2,1,19
20244,11500593,화곡8동,CS100010,커피-음료,26,3,5,15
20244,11500603,가양1동,CS100010,커피-음료,200,8,15,88
20244,11500604,가양2동,CS100010,커피-음료,1,0,0,6
20244,11500605,가양3동,CS100010,커피-음료,6,0,0,3
20244,11500611,발산1동,CS100010,커피-음료,95,6,5,46
20244,11500615,우장산동,CS100010,커피-음료,34,3,7,19
20244,11500620,공항동,CS100010,커피-음료,47,5,2,18
20244,11500630,방화1동,CS100010,커피-음료,48,7,3,25
20244,11500640,방화2동,CS100010,커피-음료,49,1,3,16
20244,11500641,방화3동,CS100010,커피-음료,16,0,2,8
20244,11530510,신도림동,CS100010,커피-음료,57,0,0,23
20244,11530520,구로1동,CS100010,커피-음료,14,2,1,5
20244,11530530,구로2동,CS100010,커피-음료,48,2,2,16
20244,11530540,구로3동,CS100010,커피-음료,98,11,8,85
20244,11530550,구로4동,CS100010,커피-음료,22,0,1,14
20244,11530560,구로5동,CS100010,커피-음료,60,2,2,40
20244,11530595,가리봉동,CS100010,커피-음료,9,0,2,3
20244,11530720,고척1동,CS100010,커피-음료,34,2,3,20
20244,11530730,고척2동,CS100010,커피-음료,26,3,2,6
20244,11530740,개봉1동,CS100010,커피-음료,36,2,1,12
20244,11530750,개봉2동,CS100010,커피-음료,21,0,1,13
20244,11530760,개봉3동,CS100010,커피-음료,23,0,0,6
20244,11530770,오류1동,CS100010,커피-음료,19,3,2,8
20244,11530780,오류2동,CS100010,커피-음료,23,0,3,11
20244,11530790,수궁동,CS100010,커피-음료,10,1,1,12
20244,11530800,항동,CS100010,커피-음료,10,1,1,11
20244,11545510,가산동,CS100010,커피-음료,206,16,12,154
20244,11545610,독산1동,CS100010,커피-음료,53,3,4,34
20244,11545620,독산2동,CS100010,커피-음료,17,1,1,12
20244,11545630,독산3동,CS100010,커피-음료,29,2,2,8
20244,11545640,독산4동,CS100010,커피-음료,17,1,3,10
20244,11545670,시흥1동,CS100010,커피-음료,46,0,2,29
20244,11545680,시흥2동,CS100010,커피-음료,6,0,0,4
20244,11545690,시흥3동,CS100010,커피-음료,14,0,1,5
20244,11545700,시흥4동,CS100010,커피-음료,8,0,0,2
20244,11545710,시흥5동,CS100010,커피-음료,18,1,1,7
20244,11560515,영등포본동,CS100010,커피-음료,31,2,1,14
20244,11560535,영등포동,CS100010,커피-음료,83,8,5,65
20244,11560540,여의동,CS100010,커피-음료,281,10,11,142
20244,11560550,당산1동,CS100010,커피-음료,98,6,5,32
20244,11560560,당산2동,CS100010,커피-음료,69,6,5,31
20244,11560585,도림동,CS100010,커피-음료,25,1,2,3
20244,11560605,문래동,CS100010,커피-음료,120,11,5,29
20244,11560610,양평1동,CS100010,커피-음료,52,3,3,20
20244,11560620,양평2동,CS100010,커피-음료,65,5,4,34
20244,11560630,신길1동,CS100010,커피-음료,20,2,1,6
20244,11560650,신길3동,CS100010,커피-음료,13,0,1,9
20244,11560660,신길4동,CS100010,커피-음료,9,0,0,3
20244,11560670,신길5동,CS100010,커피-음료,11,0,0,3
20244,11560680,신길6동,CS100010,커피-음료,32,0,1,11
20244,11560690,신길7동,CS100010,커피-음료,11,1,0,9
20244,11560700,대림1동,CS100010,커피-음료,16,1,3,8
20244,11560710,대림2동,CS100010,커피-음료,19,1,4,10
20244,11560720,대림3동,CS100010,커피-음료,38,4,3,11
20244,11590510,노량진1동,CS100010,커피-음료,65,2,2,28
20244,11590520,노량진2동,CS100010,커피-음료,23,1,0,6
20244,11590530,상도1동,CS100010,커피-음료,64,4,2,23
20244,11590540,상도2동,CS100010,커피-음료,30,3,0,18
20244,11590550,상도3동,CS100010,커피-음료,29,0,1,9
20244,11590560,상도4동,CS100010,커피-음료,26,0,1,7
20244,11590605,흑석동,CS100010,커피-음료,54,2,3,20
20244,11590620,사당1동,CS100010,커피-음료,64,0,4,10
20244,11590630,사당2동,CS100010,커피-음료,30,2,6,18
20244,11590640,사당3동,CS100010,커피-음료,29,0,1,9
20244,11590650,사당4동,CS100010,커피-음료,16,1,0,8
20244,11590651,사당5동,CS100010,커피-음료,16,1,0,4
20244,11590660,대방동,CS100010,커피-음료,49,3,4,14
20244,11590670,신대방1동,CS100010,커피-음료,24,4,2,7
20244,11590680,신대방2동,CS100010,커피-음료,48,2,3,25
20244,11620525,보라매동,CS100010,커피-음료,38,1,4,10
20244,11620545,청림동,CS100010,커피-음료,12,0,2,5
20244,11620565,성현동,CS100010,커피-음료,28,2,3,0
20244,11620575,행운동,CS100010,커피-음료,47,3,2,9
20244,11620585,낙성대동,CS100010,커피-음료,75,3,3,16
20244,11620595,청룡동,CS100010,커피-음료,59,3,2,27
20244,11620605,은천동,CS100010,커피-음료,39,1,1,10
20244,11620615,중앙동,CS100010,커피-음료,31,1,3,11
20244,11620625,인헌동,CS100010,커피-음료,40,2,1,9
20244,11620630,남현동,CS100010,커피-음료,28,2,2,11
20244,11620645,서원동,CS100010,커피-음료,38,1,5,24
20244,11620655,신원동,CS100010,커피-음료,25,1,0,4
20244,11620665,서림동,CS100010,커피-음료,34,3,2,5
20244,11620685,신사동,CS100010,커피-음료,48,1,5,8
20244,11620695,신림동,CS100010,커피-음료,59,5,7,30
20244,11620715,난향동,CS100010,커피-음료,8,0,0,1
20244,11620725,조원동,CS100010,커피-음료,47,2,8,13
20244,11620735,대학동,CS100010,커피-음료,51,4,2,20
20244,11620745,삼성동,CS100010,커피-음료,7,0,1,1
20244,11620765,미성동,CS100010,커피-음료,30,0,2,12
20244,11620775,난곡동,CS100010,커피-음료,14,0,3,5
20244,11650510,서초1동,CS100010,커피-음료,95,5,4,42
20244,11650520,서초2동,CS100010,커피-음료,99,7,7,37
20244,11650530,서초3동,CS100010,커피-음료,168,8,6,61
20244,11650531,서초4동,CS100010,커피-음료,55,2,3,38
20244,11650540,잠원동,CS100010,커피-음료,52,2,4,13
20244,11650550,반포본동,CS100010,커피-음료,10,0,0,3
20244,11650560,반포1동,CS100010,커피-음료,71,1,1,18
20244,11650570,반포2동,CS100010,커피-음료,17,0,0,3
20244,11650580,반포3동,CS100010,커피-음료,9,1,0,9
20244,11650581,반포4동,CS100010,커피-음료,67,1,2,34
20244,11650590,방배본동,CS100010,커피-음료,54,1,0,10
20244,11650600,방배1동,CS100010,커피-음료,49,2,2,13
20244,11650610,방배2동,CS100010,커피-음료,67,4,2,12
20244,11650620,방배3동,CS100010,커피-음료,31,2,1,3
20244,11650621,방배4동,CS100010,커피-음료,64,3,3,10
20244,11650651,양재1동,CS100010,커피-음료,124,8,11,30
20244,11650652,양재2동,CS100010,커피-음료,131,8,10,32
20244,11650660,내곡동,CS100010,커피-음료,31,3,0,8
20244,11680510,신사동,CS100010,커피-음료,171,5,4,41
20244,11680521,논현1동,CS100010,커피-음료,146,5,16,46
20244,11680531,논현2동,CS100010,커피-음료,162,10,7,54
20244,11680545,압구정동,CS100010,커피-음료,159,3,8,42
20244,11680565,청담동,CS100010,커피-음료,115,5,3,24
20244,11680580,삼성1동,CS100010,커피-음료,109,3,3,48
20244,11680590,삼성2동,CS100010,커피-음료,112,7,7,32
20244,11680600,대치1동,CS100010,커피-음료,12,1,1,14
20244,11680610,대치2동,CS100010,커피-음료,86,5,5,33
20244,11680630,대치4동,CS100010,커피-음료,108,12,7,55
20244,11680640,역삼1동,CS100010,커피-음료,395,19,24,150
20244,11680650,역삼2동,CS100010,커피-음료,106,11,10,44
20244,11680655,도곡1동,CS100010,커피-음료,44,3,2,16
20244,11680656,도곡2동,CS100010,커피-음료,48,2,1,17
20244,11680660,개포1동,CS100010,커피-음료,3,0,0,0
20244,11680670,개포2동,CS100010,커피-음료,16,0,0,9
20244,11680690,개포4동,CS100010,커피-음료,39,3,3,11
20244,11680700,세곡동,CS100010,커피-음료,35,1,0,20
20244,11680720,일원본동,CS100010,커피-음료,11,0,0,1
20244,11680730,일원1동,CS100010,커피-음료,26,2,0,5
20244,11680740,일원2동,CS100010,커피-음료,11,1,0,5
20244,11680750,수서동,CS100010,커피-음료,20,1,2,17
20244,11710510,풍납1동,CS100010,커피-음료,12,0,0,1
20244,11710520,풍납2동,CS100010,커피-음료,28,0,0,6
20244,11710531,거여1동,CS100010,커피-음료,15,1,0,2
20244,11710532,거여2동,CS100010,커피-음료,9,3,0,12
20244,11710540,마천1동,CS100010,커피-음료,9,0,0,3
20244,11710550,마천2동,CS100010,커피-음료,23,1,0,5
20244,11710561,방이1동,CS100010,커피-음료,57,1,3,10
20244,11710562,방이2동,CS100010,커피-음료,57,1,3,29
20244,11710566,오륜동,CS100010,커피-음료,9,1,0,12
20244,11710570,오금동,CS100010,커피-음료,80,5,3,12
20244,11710580,송파1동,CS100010,커피-음료,147,4,5,20
20244,11710590,송파2동,CS100010,커피-음료,31,3,3,11
20244,11710600,석촌동,CS100010,커피-음료,94,4,3,27
20244,11710610,삼전동,CS100010,커피-음료,50,6,3,20
20244,11710620,가락본동,CS100010,커피-음료,61,5,6,32
20244,11710631,가락1동,CS100010,커피-음료,17,0,1,11
20244,11710632,가락2동,CS100010,커피-음료,48,1,1,11
20244,11710641,문정1동,CS100010,커피-음료,44,6,4,8
20244,11710642,문정2동,CS100010,커피-음료,170,6,11,71
20244,11710646,장지동,CS100010,커피-음료,41,0,4,6
20244,11710647,위례동,CS100010,커피-음료,26,3,2,19
20244,11710650,잠실본동,CS100010,커피-음료,65,1,5,36
20244,11710670,잠실2동,CS100010,커피-음료,30,1,0,12
20244,11710680,잠실3동,CS100010,커피-음료,30,1,7,29
20244,11710690,잠실4동,CS100010,커피-음료,7,0,0,6
20244,11710710,잠실6동,CS100010,커피-음료,82,2,0,43
20244,11710720,잠실7동,CS100010,커피-음료,4,0,0,1
20244,11740515,강일동,CS100010,커피-음료,17,4,1,18
20244,11740520,상일동,CS100010,커피-음료,34,1,1,14
20244,11740530,명일1동,CS100010,커피-음료,50,4,8,15
20244,11740540,명일2동,CS100010,커피-음료,24,0,0,14
20244,11740550,고덕1동,CS100010,커피-음료,17,0,1,4
20244,11740560,고덕2동,CS100010,커피-음료,35,4,2,18
20244,11740570,암사1동,CS100010,커피-음료,42,2,2,8
20244,11740580,암사2동,CS100010,커피-음료,25,1,0,5
20244,11740590,암사3동,CS100010,커피-음료,11,1,0,5
20244,11740600,천호1동,CS100010,커피-음료,31,1,2,12
20244,11740610,천호2동,CS100010,커피-음료,74,6,7,33
20244,11740620,천호3동,CS100010,커피-음료,33,1,4,16
20244,11740640,성내1동,CS100010,커피-음료,64,4,4,17
20244,11740650,성내2동,CS100010,커피-음료,61,4,4,15
20244,11740660,성내3동,CS100010,커피-음료,72,2,2,14
20244,11740685,길동,CS100010,커피-음료,58,3,3,32
20244,11740700,둔촌2동,CS100010,커피-음료,45,3,2,7
